"section","itemCode","HSCode","itemLabel","isGroup","groupList"
"Crops Primary",1714,,"Crops Primary > (List)",TRUE,"1714"
"Crops Primary",1717,,"Cereals,Total > (List)",TRUE,"1717"
"Crops Primary",1720,,"Roots and Tubers,Total > (List)",TRUE,"1720"
"Crops Primary",1726,,"Pulses,Total > (List)",TRUE,"1726"
"Crops Primary",1729,,"Treenuts,Total > (List)",TRUE,"1729"
"Crops Primary",1732,,"Oilcrops Primary > (List)",TRUE,"1732"
"Crops Primary",1735,,"Vegetables Primary > (List)",TRUE,"1735"
"Crops Primary",1737,,"Fruit Incl Melons > (List)",TRUE,"1737"
"Crops Primary",1738,,"Fruit Primary > (List)",TRUE,"1738"
"Crops Primary",1751,,"Jute & Jute-like Fibres > (List)",TRUE,"1751"
"Crops Primary",1753,,"Fibre Crops Primary > (List)",TRUE,"1753"
"Crops Primary",1800,,"Vegetables&Melons, Total > (List)",TRUE,"1800"
"Crops Primary",1801,,"Fruit excl Melons,Total > (List)",TRUE,"1801"
"Crops Primary",1804,,"Citrus Fruit,Total > (List)",TRUE,"1804"
"Crops Primary",1814,,"Coarse Grain, Total > (List)",TRUE,"1814"
"Crops Primary",1841,,"Oilcakes Equivalent > (List)",TRUE,"1841"
"Crops Primary",311,"1207.9ae","Kapokseed in shell",FALSE,
"Crops Primary",778,"5305.90_a","Kapok fibre",FALSE,
"Crops Primary",813,"5305.1_a","Coir",FALSE,
"Crops Primary",156,"1212.99aa","Sugar cane",FALSE,"1714"
"Crops Primary",157,"1212.91_a","Sugar beet",FALSE,"1714"
"Crops Primary",161,"1212.99ab","Sugar crops, nes",FALSE,"1714"
"Crops Primary",224,"0802.90aa","Kola nuts",FALSE,"1714"
"Crops Primary",226,"0802.90ab","Areca nuts",FALSE,"1714"
"Crops Primary",459,"0709.90cd","Chicory roots",FALSE,"1714"
"Crops Primary",636,"1214.90_a","Forage and silage, maize",FALSE,"1714"
"Crops Primary",637,"1214.90_d","Forage and silage, sorghum",FALSE,"1714"
"Crops Primary",638,"1214.90_e","Forage and silage, rye grass",FALSE,"1714"
"Crops Primary",639,"1214.90_s","Forage and silage, grasses nes",FALSE,"1714"
"Crops Primary",640,"1214.90_b","Forage and silage, clover",FALSE,"1714"
"Crops Primary",641,"1214.90_c","Forage and silage, alfalfa",FALSE,"1714"
"Crops Primary",642,"1214.90_f","Forage and silage, green oilseeds",FALSE,"1714"
"Crops Primary",643,"1214.90_g","Forage and silage, legumes",FALSE,"1714"
"Crops Primary",644,"1214.90_h","Cabbage for fodder",FALSE,"1714"
"Crops Primary",645,"1214.90_i","Pumpkins for Fodder",FALSE,"1714"
"Crops Primary",646,"1214.90_j","Turnips for fodder",FALSE,"1714"
"Crops Primary",647,"1214.90_k","Beets for fodder",FALSE,"1714"
"Crops Primary",648,"1214.90_l","Carrots for fodder",FALSE,"1714"
"Crops Primary",649,"1214.90_m","Swedes for fodder",FALSE,"1714"
"Crops Primary",651,"1214.90_n","Forage products",FALSE,"1714"
"Crops Primary",655,"1214.90_o","Vegetables and roots fodder",FALSE,"1714"
"Crops Primary",656,"0901.1_a","Coffee, green",FALSE,"1714"
"Crops Primary",661,"1801.00_a","Cocoa, beans",FALSE,"1714"
"Crops Primary",667,"902","Tea",FALSE,"1714"
"Crops Primary",671,"903","MatŽ",FALSE,"1714"
"Crops Primary",674,"0902_b","Tea nes",FALSE,"1714"
"Crops Primary",677,"1210.1","Hops",FALSE,"1714"
"Crops Primary",687,"904.11","Pepper (piper spp.)",FALSE,"1714"
"Crops Primary",689,"904.2","Chillies and peppers, dry",FALSE,"1714"
"Crops Primary",692,"905","Vanilla",FALSE,"1714"
"Crops Primary",693,"906.1","Cinnamon (canella)",FALSE,"1714"
"Crops Primary",698,"907","Cloves",FALSE,"1714"
"Crops Primary",702,"908","Nutmeg, mace and cardamoms",FALSE,"1714"
"Crops Primary",711,"909","Anise, badian, fennel, coriander",FALSE,"1714"
"Crops Primary",720,"910.1","Ginger",FALSE,"1714"
"Crops Primary",723,"0910.9aa","Spices, nes",FALSE,"1714"
"Crops Primary",748,"0709.90_d","Peppermint",FALSE,"1714"
"Crops Primary",754,"1211.9","Pyrethrum, dried",FALSE,"1714"
"Crops Primary",826,"2401_a","Tobacco, unmanufactured",FALSE,"1714"
"Crops Primary",836,"4001.10_a","Rubber, natural",FALSE,"1714"
"Crops Primary",839,"4001.3","Gums, natural",FALSE,"1714"
"Crops Primary",116,"0701_a","Potatoes",FALSE,"1714, 1720"
"Crops Primary",122,"0714.20_a","Sweet potatoes",FALSE,"1714, 1720"
"Crops Primary",125,"0714.10_a","Cassava",FALSE,"1714, 1720"
"Crops Primary",135,"0714.90_ba","Yautia (cocoyam)",FALSE,"1714, 1720"
"Crops Primary",136,"0714.90_bb","Taro (cocoyam)",FALSE,"1714, 1720"
"Crops Primary",137,"0714.90_a","Yams",FALSE,"1714, 1720"
"Crops Primary",149,"0714.90_bc","Roots and tubers, nes",FALSE,"1714, 1720"
"Crops Primary",176,"0713.3_a","Beans, dry",FALSE,"1714, 1726"
"Crops Primary",181,"713.5","Broad beans, horse beans, dry",FALSE,"1714, 1726"
"Crops Primary",187,"713.1","Peas, dry",FALSE,"1714, 1726"
"Crops Primary",191,"713.2","Chick peas",FALSE,"1714, 1726"
"Crops Primary",195,"0713.3_b","Cow peas, dry",FALSE,"1714, 1726"
"Crops Primary",197,"0713.90aa","Pigeon peas",FALSE,"1714, 1726"
"Crops Primary",201,"713.4","Lentils",FALSE,"1714, 1726"
"Crops Primary",203,"0713.90ad","Bambara beans",FALSE,"1714, 1726"
"Crops Primary",205,"0713.90ac","Vetches",FALSE,"1714, 1726"
"Crops Primary",210,"0713.90ab","Lupins",FALSE,"1714, 1726"
"Crops Primary",211,"0713.90ae","Pulses, nes",FALSE,"1714, 1726"
"Crops Primary",216,"801.21","Brazil nuts, with shell",FALSE,"1714, 1729"
"Crops Primary",217,"0801.31_a","Cashew nuts, with shell",FALSE,"1714, 1729"
"Crops Primary",220,"802.4","Chestnut",FALSE,"1714, 1729"
"Crops Primary",221,"0802.11_a","Almonds, with shell",FALSE,"1714, 1729"
"Crops Primary",222,"0802.31_a","Walnuts, with shell",FALSE,"1714, 1729"
"Crops Primary",223,"0802.50_a","Pistachios",FALSE,"1714, 1729"
"Crops Primary",225,"0802.21_a","Hazelnuts, with shell",FALSE,"1714, 1729"
"Crops Primary",234,"0802.90ac","Nuts, nes",FALSE,"1714, 1729"
"Crops Primary",260,"0709.90aa","Olives",FALSE,"1714, 1732"
"Crops Primary",263,"1207.9ah","Karite nuts (sheanuts)",FALSE,"1714, 1732"
"Crops Primary",265,"1207.30_a","Castor oil seed",FALSE,"1714, 1732"
"Crops Primary",275,"1207.9ai","Tung nuts",FALSE,"1714, 1732"
"Crops Primary",277,"1207.9aj","Jojoba seed",FALSE,"1714, 1732"
"Crops Primary",305,"1207.9ad","Tallowtree seed",FALSE,"1714, 1732"
"Crops Primary",358,"0704.90_a","Cabbages and other brassicas",FALSE,"1714, 1735"
"Crops Primary",366,"709.1","Artichokes",FALSE,"1714, 1735"
"Crops Primary",367,"709.2","Asparagus",FALSE,"1714, 1735"
"Crops Primary",372,"705","Lettuce and chicory",FALSE,"1714, 1735"
"Crops Primary",373,"709.7","Spinach",FALSE,"1714, 1735"
"Crops Primary",388,"0702.00_a","Tomatoes",FALSE,"1714, 1735"
"Crops Primary",393,"704.1","Cauliflowers and broccoli",FALSE,"1714, 1735"
"Crops Primary",394,"0709.90_b","Pumpkins, squash and gourds",FALSE,"1714, 1735"
"Crops Primary",397,"707","Cucumbers and gherkins",FALSE,"1714, 1735"
"Crops Primary",399,"709.3","Eggplants (aubergines)",FALSE,"1714, 1735"
"Crops Primary",401,"709.6","Chillies and peppers, green",FALSE,"1714, 1735"
"Crops Primary",402,"0703.10_a","Onions, shallots, green",FALSE,"1714, 1735"
"Crops Primary",403,"0703.10_b","Onions, dry",FALSE,"1714, 1735"
"Crops Primary",406,"703.2","Garlic",FALSE,"1714, 1735"
"Crops Primary",407,"703.9","Leeks, other alliaceous vegetables",FALSE,"1714, 1735"
"Crops Primary",414,"0708.20_a","Beans, green",FALSE,"1714, 1735"
"Crops Primary",417,"708.1","Peas, green",FALSE,"1714, 1735"
"Crops Primary",420,"0708.90_a","Vegetables, leguminous nes",FALSE,"1714, 1735"
"Crops Primary",423,"0708.20_b","String beans",FALSE,"1714, 1735"
"Crops Primary",426,"706.1","Carrots and turnips",FALSE,"1714, 1735"
"Crops Primary",430,"0709.90cb","Okra",FALSE,"1714, 1735"
"Crops Primary",446,"0709.90ca","Maize, green",FALSE,"1714, 1735"
"Crops Primary",449,"0709.5_a","Mushrooms and truffles",FALSE,"1714, 1735"
"Crops Primary",463,"0706.10_a","Vegetables, fresh nes",FALSE,"1714, 1735"
"Crops Primary",567,"807.11","Watermelons",FALSE,"1714, 1737, 1735"
"Crops Primary",568,"807.19","Melons, other (inc.cantaloupes)",FALSE,"1714, 1737, 1735"
"Crops Primary",461,"1212.1","Carobs",FALSE,"1714, 1737, 1738"
"Crops Primary",486,"0803.00aa","Bananas",FALSE,"1714, 1737, 1738"
"Crops Primary",489,"0803.00_b","Plantains",FALSE,"1714, 1737, 1738"
"Crops Primary",515,"0808.10_a","Apples",FALSE,"1714, 1737, 1738"
"Crops Primary",521,"0808.20_a","Pears",FALSE,"1714, 1737, 1738"
"Crops Primary",523,"0808.20_b","Quinces",FALSE,"1714, 1737, 1738"
"Crops Primary",526,"0809.10_a","Apricots",FALSE,"1714, 1737, 1738"
"Crops Primary",530,"0809.20_b","Cherries, sour",FALSE,"1714, 1737, 1738"
"Crops Primary",531,"0809.20_a","Cherries",FALSE,"1714, 1737, 1738"
"Crops Primary",534,"809.3","Peaches and nectarines",FALSE,"1714, 1737, 1738"
"Crops Primary",536,"0809.40_a","Plums and sloes",FALSE,"1714, 1737, 1738"
"Crops Primary",541,"0810.90ac","Fruit, stone nes",FALSE,"1714, 1737, 1738"
"Crops Primary",542,"0810.90ab","Fruit, pome nes",FALSE,"1714, 1737, 1738"
"Crops Primary",544,"810.1","Strawberries",FALSE,"1714, 1737, 1738"
"Crops Primary",547,"0810.20_a","Raspberries",FALSE,"1714, 1737, 1738"
"Crops Primary",549,"0810.30_b","Gooseberries",FALSE,"1714, 1737, 1738"
"Crops Primary",550,"0810.30_a","Currants",FALSE,"1714, 1737, 1738"
"Crops Primary",552,"0810.40_c","Blueberries",FALSE,"1714, 1737, 1738"
"Crops Primary",554,"0810.40_d","Cranberries",FALSE,"1714, 1737, 1738"
"Crops Primary",558,"0810.40_b","Berries nes",FALSE,"1714, 1737, 1738"
"Crops Primary",560,"0806.10_a","Grapes",FALSE,"1714, 1737, 1738"
"Crops Primary",569,"0804.20_a","Figs",FALSE,"1714, 1737, 1738"
"Crops Primary",571,"0804.50_a","Mangoes, mangosteens, guavas",FALSE,"1714, 1737, 1738"
"Crops Primary",572,"804.4","Avocados",FALSE,"1714, 1737, 1738"
"Crops Primary",574,"0804.30_a","Pineapples",FALSE,"1714, 1737, 1738"
"Crops Primary",577,"804.1","Dates",FALSE,"1714, 1737, 1738"
"Crops Primary",587,"0810.90aa","Persimmons",FALSE,"1714, 1737, 1738"
"Crops Primary",591,"0810.90ad","Cashewapple",FALSE,"1714, 1737, 1738"
"Crops Primary",592,"810.5","Kiwi fruit",FALSE,"1714, 1737, 1738"
"Crops Primary",600,"807.2","Papayas",FALSE,"1714, 1737, 1738"
"Crops Primary",603,"0804.50_b","Fruit, tropical fresh nes",FALSE,"1714, 1737, 1738"
"Crops Primary",619,"0810.90_d","Fruit, fresh nes",FALSE,"1714, 1737, 1738"
"Crops Primary",773,"5301.2","Flax fibre and tow",FALSE,"1714, 1753"
"Crops Primary",777,"5302","Hemp tow waste",FALSE,"1714, 1753"
"Crops Primary",788,"5305.90_b","Ramie",FALSE,"1714, 1753"
"Crops Primary",789,"5304_b","Sisal",FALSE,"1714, 1753"
"Crops Primary",800,"5304_c","Agave fibres nes",FALSE,"1714, 1753"
"Crops Primary",809,"5305.2_a","Manila fibre (abaca)",FALSE,"1714, 1753"
"Crops Primary",821,"5305.90_c","Fibre crops nes",FALSE,"1714, 1753"
"Crops Primary",780,"5303aa","Jute",FALSE,"1714, 1753, 1751"
"Crops Primary",782,"5303ab","Bastfibres, other",FALSE,"1714, 1753, 1751"
"Crops Primary",310,"1402_a","Kapok fruit",FALSE,"1714, 1753, 1841, 1732"
"Crops Primary",328,"1207.20_b","Seed cotton",FALSE,"1714, 1753, 1841, 1732"
"Crops Primary",236,"1201.00_a","Soybeans",FALSE,"1714, 1841, 1732"
"Crops Primary",242,"1202.10_a","Groundnuts, with shell",FALSE,"1714, 1841, 1732"
"Crops Primary",249,"0801.19_a","Coconuts",FALSE,"1714, 1841, 1732"
"Crops Primary",254,"1207.10ab","Oil, palm fruit",FALSE,"1714, 1841, 1732"
"Crops Primary",267,"1206.00_a","Sunflower seed",FALSE,"1714, 1841, 1732"
"Crops Primary",270,"1205","Rapeseed",FALSE,"1714, 1841, 1732"
"Crops Primary",280,"1207.6","Safflower seed",FALSE,"1714, 1841, 1732"
"Crops Primary",289,"1207.40_a","Sesame seed",FALSE,"1714, 1841, 1732"
"Crops Primary",292,"1207.5","Mustard seed",FALSE,"1714, 1841, 1732"
"Crops Primary",296,"1207.9aa","Poppy seed",FALSE,"1714, 1841, 1732"
"Crops Primary",299,"1207.9ab","Melonseed",FALSE,"1714, 1841, 1732"
"Crops Primary",333,"1204.00_a","Linseed",FALSE,"1714, 1841, 1732"
"Crops Primary",336,"1207.9ag","Hempseed",FALSE,"1714, 1841, 1732"
"Crops Primary",339,"1207.9ak","Oilseeds nes",FALSE,"1714, 1841, 1732"
"Crops Primary",15,"1001_a","Wheat",FALSE,"1717, 1714"
"Crops Primary",27,"1006.10_a","Rice, paddy",FALSE,"1717, 1714"
"Crops Primary",44,"1003.00_a","Barley",FALSE,"1717, 1814, 1714"
"Crops Primary",56,"1005_a","Maize",FALSE,"1717, 1814, 1714"
"Crops Primary",68,"1904_c","Popcorn",FALSE,"1717, 1814, 1714"
"Crops Primary",71,"1002.00_a","Rye",FALSE,"1717, 1814, 1714"
"Crops Primary",75,"1004.00a","Oats",FALSE,"1717, 1814, 1714"
"Crops Primary",79,"1008.20_a","Millet",FALSE,"1717, 1814, 1714"
"Crops Primary",83,"1007.00_a","Sorghum",FALSE,"1717, 1814, 1714"
"Crops Primary",89,"1008.90aa","Buckwheat",FALSE,"1717, 1814, 1714"
"Crops Primary",92,"1008.90ac","Quinoa",FALSE,"1717, 1814, 1714"
"Crops Primary",94,"1008.90ad","Fonio",FALSE,"1717, 1814, 1714"
"Crops Primary",97,"1008.90ae","Triticale",FALSE,"1717, 1814, 1714"
"Crops Primary",101,"1008.90ab","Canary seed",FALSE,"1717, 1814, 1714"
"Crops Primary",103,"1008.90af","Grain, mixed",FALSE,"1717, 1814, 1714"
"Crops Primary",108,"1008.90_b","Cereals, nes",FALSE,"1717, 1814, 1714"
"Crops Primary",257,"1511_a","Oil, palm",FALSE,"1732"
"Crops Primary",378,"0709.90cc","Cassava leaves",FALSE,"1735"
"Crops Primary",491,"2009.12_a","Juice, orange, single strength",FALSE,"1737"
"Crops Primary",492,"2009.19_a","Juice, orange, concentrated",FALSE,"1737"
"Crops Primary",496,"2009.30_a","Juice, tangerine",FALSE,"1737"
"Crops Primary",498,"2009.31_a","Juice, lemon, single strength",FALSE,"1737"
"Crops Primary",499,"2009.39_a","Juice, lemon, concentrated",FALSE,"1737"
"Crops Primary",509,"2009.21","Juice, grapefruit",FALSE,"1737"
"Crops Primary",510,"2009.29","Juice, grapefruit, concentrated",FALSE,"1737"
"Crops Primary",513,"2009.31_b","Juice, citrus, single strength",FALSE,"1737"
"Crops Primary",514,"2009.39_b","Juice, citrus, concentrated",FALSE,"1737"
"Crops Primary",518,"2009.71","Juice, apple, single strength",FALSE,"1737"
"Crops Primary",519,"2009.79","Juice, apple, concentrated",FALSE,"1737"
"Crops Primary",527,"813.1","Apricots, dry",FALSE,"1737"
"Crops Primary",537,"813.2","Plums dried (prunes)",FALSE,"1737"
"Crops Primary",538,"2009.80_c","Juice, plum, single strength",FALSE,"1737"
"Crops Primary",539,"2009.80_d","Juice, plum, concentrated",FALSE,"1737"
"Crops Primary",561,"806.2","Raisins",FALSE,"1737"
"Crops Primary",562,"2009.6_a","Juice, grape",FALSE,"1737"
"Crops Primary",566,"2308.00_b","Grapes, marc",FALSE,"1737"
"Crops Primary",570,"0804.20_b","Figs dried",FALSE,"1737"
"Crops Primary",575,"2008.2","Pineapples canned",FALSE,"1737"
"Crops Primary",576,"2009.41","Juice, pineapple",FALSE,"1737"
"Crops Primary",580,"2009.49","Juice, pineapple, concentrated",FALSE,"1737"
"Crops Primary",583,"2009.8","Juice, mango",FALSE,"1737"
"Crops Primary",584,"2008.99","Mango pulp",FALSE,"1737"
"Crops Primary",604,"0813.40_a","Fruit, tropical dried nes",FALSE,"1737"
"Crops Primary",620,"0813.40_b","Fruit, dried nes",FALSE,"1737"
"Crops Primary",622,"2009.80_a","Juice, fruit nes",FALSE,"1737"
"Crops Primary",623,"0811_a","Fruit, prepared nes",FALSE,"1737"
"Crops Primary",624,"1106.3","Flour, fruit",FALSE,"1737"
"Crops Primary",625,"2006","Fruits, nuts, peel, sugar preserved",FALSE,"1737"
"Crops Primary",626,"2007.1","Fruit, cooked, homogenized preparations",FALSE,"1737"
"Crops Primary",767,"5201.00aa","Cotton lint",FALSE,"1753"
"Crops Primary",490,"0805.10_a","Oranges",FALSE,"1804, 1714, 1737, 1738"
"Crops Primary",495,"0805.20_a","Tangerines, mandarins, clementines, satsumas",FALSE,"1804, 1714, 1737, 1738"
"Crops Primary",497,"0805.50_a","Lemons and limes",FALSE,"1804, 1714, 1737, 1738"
"Crops Primary",507,"0805.40_a","Grapefruit (inc. pomelos)",FALSE,"1804, 1714, 1737, 1738"
"Crops Primary",512,"0805.90_a","Fruit, citrus nes",FALSE,"1804, 1714, 1737, 1738"
"Crops Primary",256,"1207.10aa","Palm kernels",FALSE,"1841, 1732"
"Crops Primary",329,"1207.20aa","Cottonseed",FALSE,"1841, 1732"
"Crops Processed",51,"2203","Beer of barley",FALSE,
"Crops Processed",60,"1515.2_a","Oil, maize",FALSE,
"Crops Processed",162,"1701.9_b","Sugar Raw Centrifugal",FALSE,
"Crops Processed",165,"1703_a","Molasses",FALSE,
"Crops Processed",237,"1507_a","Oil, soybean",FALSE,
"Crops Processed",244,"1508_a","Oil, groundnut",FALSE,
"Crops Processed",252,"1513.1_a","Oil, coconut (copra)",FALSE,
"Crops Processed",258,"1513.2_a","Oil, palm kernel",FALSE,
"Crops Processed",261,"1509_a","Oil, olive, virgin",FALSE,
"Crops Processed",268,"1512.1_a","Oil, sunflower",FALSE,
"Crops Processed",271,"1514_a","Oil, rapeseed",FALSE,
"Crops Processed",281,"1512.1_b","Oil, safflower",FALSE,
"Crops Processed",290,"1515.5","Oil, sesame",FALSE,
"Crops Processed",331,"1512.2_a","Oil, cottonseed",FALSE,
"Crops Processed",334,"1515.1_a","Oil, linseed",FALSE,
"Crops Processed",564,"2204_a","Wine",FALSE,
"Crops Processed",1242,"1517.1","Margarine, short",FALSE,
"Forestry",1859,,"Wood Pulp Exc Mechanical > (List)",TRUE,"1859"
"Forestry",1860,,"Paper+-Board Ex Newsprnt > (List)",TRUE,"1860"
"Forestry",1861,,"Roundwood > (List)",TRUE,"1861"
"Forestry",1862,,"Roundwood (C) > (List)",TRUE,"1862"
"Forestry",1863,,"Roundwood (NC) > (List)",TRUE,"1863"
"Forestry",1864,,"Wood Fuel > (List)",TRUE,"1864"
"Forestry",1865,,"Industrial Roundwood > (List)",TRUE,"1865"
"Forestry",1866,,"Industrial Roundwood(C) > (List)",TRUE,"1866"
"Forestry",1867,,"Industrial Roundwood(NC) > (List)",TRUE,"1867"
"Forestry",1868,,"Sawlogs and Veneer Logs > (List)",TRUE,"1868"
"Forestry",1870,,"Pulpwood and Particles > (List)",TRUE,"1870"
"Forestry",1871,,"Other Indust Roundwd > (List)",TRUE,"1871"
"Forestry",1872,,"Sawnwood > (List)",TRUE,"1872"
"Forestry",1873,,"Wood-Based Panels > (List)",TRUE,"1873"
"Forestry",1874,,"Fibreboard > (List)",TRUE,"1874"
"Forestry",1875,,"Wood Pulp > (List)",TRUE,"1875"
"Forestry",1876,,"Paper and Paperboard > (List)",TRUE,"1876"
"Forestry",1877,,"Forest Products > (List)",TRUE,"1877"
"Forestry",1878,,"Pulp for Paper > (List)",TRUE,"1878"
"Forestry",1879,,"Total Fibre Furnish > (List)",TRUE,"1879"
"Forestry",2038,,"Pulpwood,Round&Split > (List)",TRUE,"2038"
"Forestry",1609,,"Recovered Fibre Pulp",FALSE,
"Forestry",1612,,"Uncoated Mechanical",FALSE,
"Forestry",1615,,"Uncoated Woodfree",FALSE,
"Forestry",1616,,"Coated Papers",FALSE,
"Forestry",1617,,"Case Materials",FALSE,
"Forestry",1618,,"Folding Boxboard",FALSE,
"Forestry",1621,,"Wrapping Papers",FALSE,
"Forestry",1622,,"Other Papers Packaging",FALSE,
"Forestry",1660,,"Unbleached Sulphite Pulp",FALSE,
"Forestry",1661,,"Bleached Sulphite Pulp",FALSE,
"Forestry",1662,,"Unbleached Sulphate Pulp",FALSE,
"Forestry",1663,,"Bleached Sulphate Pulp",FALSE,
"Forestry",1676,,"Household+Sanitary Paper",FALSE,
"Forestry",1681,,"Wrapg+Packg Paper+Board",FALSE,
"Forestry",1683,,"Paper+Paperboard NES",FALSE,
"Forestry",1627,"","Wood Fuel(C)",FALSE,"1862, 1861, 1864"
"Forestry",1628,"","Wood Fuel(NC)",FALSE,"1863, 1861, 1864"
"Forestry",1602,"","Pulpwood,Round&Split(C)",FALSE,"1865, 1866, 2038, 1862, 1861"
"Forestry",1603,"","Pulpwood,Round&Split(NC)",FALSE,"1865, 1867, 2038, 1863, 1861"
"Forestry",1647,"","Hardboard",FALSE,"1874, 1877, 1873"
"Forestry",1648,"","MDF",FALSE,"1874, 1877, 1873"
"Forestry",1649,"","Fibreboard, Compressed",FALSE,"1874, 1877, 1873"
"Forestry",1650,"","Insulating Board",FALSE,"1874, 1877, 1873"
"Forestry",1619,"","Chips and Particles",FALSE,"1877"
"Forestry",1620,"","Wood Residues",FALSE,"1877"
"Forestry",1630,"","Wood Charcoal",FALSE,"1877"
"Forestry",1693,"","Wood Pellets",FALSE,"1877"
"Forestry",1629,"","Wood Fuel Trd",FALSE,"1877, 1861, 1864"
"Forestry",1651,"","Ind Rwd Wir (C)",FALSE,"1877, 1865, 1866, 1862, 1861"
"Forestry",1601,"","Sawlogs+Veneer Logs (C)",FALSE,"1877, 1865, 1866, 1862, 1861, 1868"
"Forestry",1608,"","Pulpwood+Particles(C)",FALSE,"1877, 1865, 1866, 1870, 1862, 1861"
"Forestry",1623,"","Other Indust Roundwd(C)",FALSE,"1877, 1865, 1866, 1871, 1862, 1861"
"Forestry",1657,"","Ind Rwd Wir (NC) Tropica",FALSE,"1877, 1865, 1867, 1863, 1861"
"Forestry",1670,"","Ind Rwd Wir (NC) Other",FALSE,"1877, 1865, 1867, 1863, 1861"
"Forestry",1604,"","Sawlogs+Veneer Logs (NC)",FALSE,"1877, 1865, 1867, 1863, 1861, 1868"
"Forestry",1611,"","Pulpwood+Particles(NC)",FALSE,"1877, 1865, 1867, 1870, 1863, 1861"
"Forestry",1626,"","Other Indust Roundwd(NC)",FALSE,"1877, 1865, 1867, 1871, 1863, 1861"
"Forestry",1614,"","Pulpwood,Round&Split Trd",FALSE,"1877, 1865, 1870, 1861"
"Forestry",1625,"","Other Indust Roundwd Trd",FALSE,"1877, 1865, 1871, 1861"
"Forestry",1632,"","Sawnwood (C)",FALSE,"1877, 1872"
"Forestry",1633,"","Sawnwood (NC)",FALSE,"1877, 1872"
"Forestry",1634,"","Veneer Sheets",FALSE,"1877, 1873"
"Forestry",1640,"","Plywood",FALSE,"1877, 1873"
"Forestry",1646,"","Particle Board",FALSE,"1877, 1873"
"Forestry",1667,"","Dissolving Wood Pulp",FALSE,"1877, 1875, 1859"
"Forestry",1671,"","Newsprint",FALSE,"1877, 1876"
"Forestry",1674,"","Printing+Writing Paper",FALSE,"1877, 1876, 1860"
"Forestry",1675,"","Other Paper+Paperboard",FALSE,"1877, 1876, 1860"
"Forestry",1668,"","Other Fibre Pulp",FALSE,"1877, 1878, 1879"
"Forestry",1654,"","Mechanical Wood Pulp",FALSE,"1877, 1878, 1879, 1875"
"Forestry",1655,"","Semi-Chemical Wood Pulp",FALSE,"1877, 1878, 1879, 1875, 1859"
"Forestry",1656,"","Chemical Wood Pulp",FALSE,"1877, 1878, 1879, 1875, 1859"
"Forestry",1669,"","Recovered Paper",FALSE,"1877, 1879"
"Live Animals",1746,,"Cattle and Buffaloes > (List)",TRUE,"1746"
"Live Animals",1749,,"Sheep and Goats > (List)",TRUE,"1749"
"Live Animals",1756,,"Live Animals > (List)",TRUE,"1756"
"Live Animals",2029,,"Poultry Birds > (List)",TRUE,"2029"
"Live Animals",866,"0102_a","Cattle",FALSE,"1746, 1756"
"Live Animals",946,"0102_b","Buffaloes",FALSE,"1746, 1756"
"Live Animals",1034,"103","Pigs",FALSE,"1756"
"Live Animals",1096,"0101_a","Horses",FALSE,"1756"
"Live Animals",1107,"0101.20_a","Asses",FALSE,"1756"
"Live Animals",1110,"0101.20_b","Mules",FALSE,"1756"
"Live Animals",1126,"0106.1_a","Camels",FALSE,"1756"
"Live Animals",1140,"0106.1_c","Rabbits and hares",FALSE,"1756"
"Live Animals",1150,"0106.90_c","Rodents, other",FALSE,"1756"
"Live Animals",1157,"0106.90_d","Camelids, other",FALSE,"1756"
"Live Animals",1171,"0106.90_f","Animals live nes",FALSE,"1756"
"Live Animals",1181,"0106.90_a","Beehives",FALSE,"1756"
"Live Animals",976,"104.1","Sheep",FALSE,"1756, 1749"
"Live Animals",1016,"104.2","Goats",FALSE,"1756, 1749"
"Live Animals",1057,"0105_a","Chickens",FALSE,"1756, 2029"
"Live Animals",1068,"0105ca","Ducks",FALSE,"1756, 2029"
"Live Animals",1072,"0105cb","Geese and guinea fowls",FALSE,"1756, 2029"
"Live Animals",1079,"0105_b","Turkeys",FALSE,"1756, 2029"
"Live Animals",1052,"","Chickens, layers",FALSE,"2029"
"Live Animals",1053,"","Chickens, broilers",FALSE,"2029"
"Live Animals, Livestock Primary",1083,"0106.90_b","Pigeons, other birds",FALSE,"2029, 1765"
"Livestock Primary",1765,,"Meat, Total > (List)",TRUE,"1765"
"Livestock Primary",1780,,"Milk,Total > (List)",TRUE,"1780"
"Livestock Primary",1783,,"Eggs Primary > (List)",TRUE,"1783"
"Livestock Primary",1806,,"Beef and Buffalo Meat > (List)",TRUE,"1806"
"Livestock Primary",1807,,"Sheep and Goat Meat > (List)",TRUE,"1807"
"Livestock Primary",1808,,"Meat, Poultry > (List)",TRUE,"1808"
"Livestock Primary",919,"4101_l","Hides, cattle, fresh",FALSE,
"Livestock Primary",944,"0201.10_aa","Meat indigenous, cattle",FALSE,
"Livestock Primary",957,"4101_m","Hides, buffalo, fresh",FALSE,
"Livestock Primary",972,"0201.10_ba","Meat indigenous, buffalo",FALSE,
"Livestock Primary",987,"5101.1_a","Wool, greasy",FALSE,
"Livestock Primary",995,"4102.2_d","Skins, sheep, fresh",FALSE,
"Livestock Primary",999,"4102.1","Skins, sheep, with wool",FALSE,
"Livestock Primary",1012,"0204.21_aa","Meat indigenous, sheep",FALSE,
"Livestock Primary",1025,"4103.10_d","Skins, goat, fresh",FALSE,
"Livestock Primary",1032,"0204.50_a","Meat indigenous, goat",FALSE,
"Livestock Primary",1055,"0203.11_a","Meat indigenous, pig",FALSE,
"Livestock Primary",1067,"0407.00a","Eggs, hen, in shell (number)",FALSE,
"Livestock Primary",1070,"0207.32_aa","Meat indigenous, duck",FALSE,
"Livestock Primary",1077,"0207.32_ba","Meat indigenous, geese",FALSE,
"Livestock Primary",1084,"0208.90_ax","Meat indigenous, bird nes",FALSE,
"Livestock Primary",1087,"0207.24_a","Meat indigenous, turkey",FALSE,
"Livestock Primary",1092,"0407.00b","Eggs, other bird, in shell (number)",FALSE,
"Livestock Primary",1094,"0207.11_a","Meat indigenous, chicken",FALSE,
"Livestock Primary",1100,"503","Hair, horse",FALSE,
"Livestock Primary",1120,"0205.00_aa","Meat indigenous, horse",FALSE,
"Livestock Primary",1122,"0205.00_ba","Meat indigenous, ass",FALSE,
"Livestock Primary",1124,"0205_ba","Meat indigenous, mule",FALSE,
"Livestock Primary",1137,"0208.90_ay","Meat indigenous, camel",FALSE,
"Livestock Primary",1144,"0208.10_aa","Meat indigenous, rabbit",FALSE,
"Livestock Primary",1154,"0208.90_aa","Meat indigenous, rodents",FALSE,
"Livestock Primary",1161,"0208.90_ba","Meat indigenous, other camelids",FALSE,
"Livestock Primary",1167,"0206_g","Offals, nes",FALSE,
"Livestock Primary",1182,"409","Honey, natural",FALSE,
"Livestock Primary",1183,"1521.90_a","Beeswax",FALSE,
"Livestock Primary",1185,"5001.00_a","Silk-worm cocoons, reelable",FALSE,
"Livestock Primary",1195,"4301_a","Skins, furs",FALSE,
"Livestock Primary",1035,"0203_a","Meat, pig",FALSE,"1765"
"Livestock Primary",1097,"0205.00_a","Meat, horse",FALSE,"1765"
"Livestock Primary",1108,"0205_a","Meat, ass",FALSE,"1765"
"Livestock Primary",1111,"0205_b","Meat, mule",FALSE,"1765"
"Livestock Primary",1127,"0208.90aa","Meat, camel",FALSE,"1765"
"Livestock Primary",1141,"0208.10_a","Meat, rabbit",FALSE,"1765"
"Livestock Primary",1151,"0208.90_a","Meat, other rodents",FALSE,"1765"
"Livestock Primary",1158,"0208.90_b","Meat, other camelids",FALSE,"1765"
"Livestock Primary",1163,"0208.90ab","Meat, game",FALSE,"1765"
"Livestock Primary",1166,"0208.90ad","Meat, nes",FALSE,"1765"
"Livestock Primary",1176,"307.6","Snails, not sea",FALSE,"1765"
"Livestock Primary",977,"0204.21_a","Meat, sheep",FALSE,"1765, 1807"
"Livestock Primary",1017,"204.5","Meat, goat",FALSE,"1765, 1807"
"Livestock Primary",882,"0401.20_a","Milk, whole fresh cow",FALSE,"1780"
"Livestock Primary",951,"0401.20_b","Milk, whole fresh buffalo",FALSE,"1780"
"Livestock Primary",982,"0401.20_c","Milk, whole fresh sheep",FALSE,"1780"
"Livestock Primary",1020,"0401.20_d","Milk, whole fresh goat",FALSE,"1780"
"Livestock Primary",1130,"0401.20_e","Milk, whole fresh camel",FALSE,"1780"
"Livestock Primary",1062,"0407.00a","Eggs, hen, in shell",FALSE,"1783"
"Livestock Primary",1091,"0407.00b","Eggs, other bird, in shell",FALSE,"1783"
"Livestock Primary",867,"0201.10_a","Meat, cattle",FALSE,"1806, 1765"
"Livestock Primary",947,"0201.10_b","Meat, buffalo",FALSE,"1806, 1765"
"Livestock Primary",1058,"0207.1_a","Meat, chicken",FALSE,"1808, 1765"
"Livestock Primary",1069,"0207.32_a","Meat, duck",FALSE,"1808, 1765"
"Livestock Primary",1073,"0207.32_b","Meat, goose and guinea fowl",FALSE,"1808, 1765"
"Livestock Primary",1080,"0207.2_a","Meat, turkey",FALSE,"1808, 1765"
"Livestock Primary",1089,"0208.90ac","Meat, bird nes",FALSE,"1808, 1765"
"Livestock Processed",1745,,"Cheese (All Kinds) > (List)",TRUE,"1745"
"Livestock Processed",1809,,"Skim Milk&Buttermilk,Dry > (List)",TRUE,"1809"
"Livestock Processed",1811,,"Butter and Ghee > (List)",TRUE,"1811"
"Livestock Processed",1816,,"Evaporat&Condensed Milk > (List)",TRUE,"1816"
"Livestock Processed",885,"0401.30_a","Cream fresh",FALSE,
"Livestock Processed",888,"0401.10_a","Milk, skimmed cow",FALSE,
"Livestock Processed",891,"403.1","Yoghurt",FALSE,
"Livestock Processed",897,"0402.2_a","Milk, whole dried",FALSE,
"Livestock Processed",900,"0404.10_b","Whey, dry",FALSE,
"Livestock Processed",1043,"1501.00_a","Lard",FALSE,
"Livestock Processed",1186,"5002","Silk raw",FALSE,
"Livestock Processed",1225,"1502.00_e","Tallow",FALSE,
"Livestock Processed",901,"0406aa","Cheese, whole cow milk",FALSE,"1745"
"Livestock Processed",904,"0406ab","Cheese, skimmed cow milk",FALSE,"1745"
"Livestock Processed",905,"0406ac","Whey, cheese",FALSE,"1745"
"Livestock Processed",955,"0406_b","Cheese, buffalo milk",FALSE,"1745"
"Livestock Processed",984,"0406_c","Cheese, sheep milk",FALSE,"1745"
"Livestock Processed",1021,"0406_d","Cheese of goat mlk",FALSE,"1745"
"Livestock Processed",898,"0402.10_a","Milk, skimmed dried",FALSE,"1809"
"Livestock Processed",899,"0403.90_a","Milk, dry buttermilk",FALSE,"1809"
"Livestock Processed",886,"0405.10_a","Butter, cow milk",FALSE,"1811"
"Livestock Processed",887,"0405.20_a","Ghee, butteroil of cow milk",FALSE,"1811"
"Livestock Processed",952,"0405.10_b","Butter, buffalo milk",FALSE,"1811"
"Livestock Processed",953,"0405.20_b","Ghee, of buffalo milk",FALSE,"1811"
"Livestock Processed",983,"0405.10_c","Butter and ghee, sheep milk",FALSE,"1811"
"Livestock Processed",1022,,"Butter of goat mlk",FALSE,"1811"
"Livestock Processed",889,"0402.99_a","Milk, whole condensed",FALSE,"1816"
"Livestock Processed",890,"0404.10_c","Whey, condensed",FALSE,"1816"
"Livestock Processed",894,"0402.91_a","Milk, whole evaporated",FALSE,"1816"
"Livestock Processed",895,"0402.91_b","Milk, skimmed evaporated",FALSE,"1816"
"Livestock Processed",896,"0402.99_b","Milk, skimmed condensed",FALSE,"1816"
