"groupCode","groupLabel","itemCode","itemLabel","groupURL"
1,"cereals and cereal products",15,"wheat","http://www.fao.org/economic/ess/ess-standards/comm-items/en/?chapter=1"
1,"cereals and cereal products",16,"flour of wheat","http://www.fao.org/economic/ess/ess-standards/comm-items/en/?chapter=1"
1,"cereals and cereal products",18,"macaroni","http://www.fao.org/economic/ess/ess-standards/comm-items/en/?chapter=1"
1,"cereals and cereal products",19,"germ of wheat","http://www.fao.org/economic/ess/ess-standards/comm-items/en/?chapter=1"
1,"cereals and cereal products",20,"bread","http://www.fao.org/economic/ess/ess-standards/comm-items/en/?chapter=1"
1,"cereals and cereal products",21,"bulgur","http://www.fao.org/economic/ess/ess-standards/comm-items/en/?chapter=1"
1,"cereals and cereal products",22,"pastry","http://www.fao.org/economic/ess/ess-standards/comm-items/en/?chapter=1"
1,"cereals and cereal products",23,"starch of wheat","http://www.fao.org/economic/ess/ess-standards/comm-items/en/?chapter=1"
1,"cereals and cereal products",24,"wheat gluten","http://www.fao.org/economic/ess/ess-standards/comm-items/en/?chapter=1"
1,"cereals and cereal products",27,"rice, paddy","http://www.fao.org/economic/ess/ess-standards/comm-items/en/?chapter=1"
1,"cereals and cereal products",28,"rice, husked","http://www.fao.org/economic/ess/ess-standards/comm-items/en/?chapter=1"
1,"cereals and cereal products",29,"rice, milled (husked)","http://www.fao.org/economic/ess/ess-standards/comm-items/en/?chapter=1"
1,"cereals and cereal products",31,"rice, milled","http://www.fao.org/economic/ess/ess-standards/comm-items/en/?chapter=1"
1,"cereals and cereal products",32,"rice, broken","http://www.fao.org/economic/ess/ess-standards/comm-items/en/?chapter=1"
1,"cereals and cereal products",33,"rice, gluten","http://www.fao.org/economic/ess/ess-standards/comm-items/en/?chapter=1"
1,"cereals and cereal products",34,"starch of rice","http://www.fao.org/economic/ess/ess-standards/comm-items/en/?chapter=1"
1,"cereals and cereal products",38,"flour of rice","http://www.fao.org/economic/ess/ess-standards/comm-items/en/?chapter=1"
1,"cereals and cereal products",41,"breakfast cereals","http://www.fao.org/economic/ess/ess-standards/comm-items/en/?chapter=1"
1,"cereals and cereal products",44,"barley","http://www.fao.org/economic/ess/ess-standards/comm-items/en/?chapter=1"
1,"cereals and cereal products",45,"pot barley","http://www.fao.org/economic/ess/ess-standards/comm-items/en/?chapter=1"
1,"cereals and cereal products",46,"barley, pearled","http://www.fao.org/economic/ess/ess-standards/comm-items/en/?chapter=1"
1,"cereals and cereal products",48,"barley flour and grits","http://www.fao.org/economic/ess/ess-standards/comm-items/en/?chapter=1"
1,"cereals and cereal products",49,"malt","http://www.fao.org/economic/ess/ess-standards/comm-items/en/?chapter=1"
1,"cereals and cereal products",50,"malt extract","http://www.fao.org/economic/ess/ess-standards/comm-items/en/?chapter=1"
1,"cereals and cereal products",56,"maize","http://www.fao.org/economic/ess/ess-standards/comm-items/en/?chapter=1"
1,"cereals and cereal products",57,"germ of maize","http://www.fao.org/economic/ess/ess-standards/comm-items/en/?chapter=1"
1,"cereals and cereal products",58,"flour of maize","http://www.fao.org/economic/ess/ess-standards/comm-items/en/?chapter=1"
1,"cereals and cereal products",63,"maize gluten","http://www.fao.org/economic/ess/ess-standards/comm-items/en/?chapter=1"
1,"cereals and cereal products",64,"starch of maize","http://www.fao.org/economic/ess/ess-standards/comm-items/en/?chapter=1"
1,"cereals and cereal products",67,"white maize","http://www.fao.org/economic/ess/ess-standards/comm-items/en/?chapter=1"
2,"roots and tubers and derived products",116,"potatoes","http://www.fao.org/economic/ess/ess-standards/comm-items/en/?chapter=2"
2,"roots and tubers and derived products",117,"flour of potatoes","http://www.fao.org/economic/ess/ess-standards/comm-items/en/?chapter=2"
2,"roots and tubers and derived products",118,"frozen potatoes","http://www.fao.org/economic/ess/ess-standards/comm-items/en/?chapter=2"
2,"roots and tubers and derived products",119,"starch of potatoes","http://www.fao.org/economic/ess/ess-standards/comm-items/en/?chapter=2"
2,"roots and tubers and derived products",121,"tapioca of potatoes","http://www.fao.org/economic/ess/ess-standards/comm-items/en/?chapter=2"
2,"roots and tubers and derived products",122,"sweet potatoes","http://www.fao.org/economic/ess/ess-standards/comm-items/en/?chapter=2"
2,"roots and tubers and derived products",125,"cassava","http://www.fao.org/economic/ess/ess-standards/comm-items/en/?chapter=2"
2,"roots and tubers and derived products",126,"flour of cassava","http://www.fao.org/economic/ess/ess-standards/comm-items/en/?chapter=2"
2,"roots and tubers and derived products",127,"tapioca of cassava","http://www.fao.org/economic/ess/ess-standards/comm-items/en/?chapter=2"
2,"roots and tubers and derived products",128,"cassava, dried","http://www.fao.org/economic/ess/ess-standards/comm-items/en/?chapter=2"
2,"roots and tubers and derived products",129,"starch of cassava","http://www.fao.org/economic/ess/ess-standards/comm-items/en/?chapter=2"
2,"roots and tubers and derived products",135,"yautia (cocoyam)","http://www.fao.org/economic/ess/ess-standards/comm-items/en/?chapter=2"
2,"roots and tubers and derived products",136,"taro (cocoyam)","http://www.fao.org/economic/ess/ess-standards/comm-items/en/?chapter=2"
2,"roots and tubers and derived products",137,"yams","http://www.fao.org/economic/ess/ess-standards/comm-items/en/?chapter=2"
2,"roots and tubers and derived products",149,"roots and tubers nes","http://www.fao.org/economic/ess/ess-standards/comm-items/en/?chapter=2"
2,"roots and tubers and derived products",150,"flour of roots and tubers nes","http://www.fao.org/economic/ess/ess-standards/comm-items/en/?chapter=2"
2,"roots and tubers and derived products",151,"roots and tubers, dried nes","http://www.fao.org/economic/ess/ess-standards/comm-items/en/?chapter=2"
3,"sugar crops and sweeteners and derived products",154,"fructose, chemically pure","http://www.fao.org/economic/ess/ess-standards/comm-items/en/?chapter=3"
3,"sugar crops and sweeteners and derived products",155,"maltose, chemically pure","http://www.fao.org/economic/ess/ess-standards/comm-items/en/?chapter=3"
3,"sugar crops and sweeteners and derived products",156,"sugar cane","http://www.fao.org/economic/ess/ess-standards/comm-items/en/?chapter=3"
3,"sugar crops and sweeteners and derived products",157,"sugar beet","http://www.fao.org/economic/ess/ess-standards/comm-items/en/?chapter=3"
3,"sugar crops and sweeteners and derived products",158,"cane sugar","http://www.fao.org/economic/ess/ess-standards/comm-items/en/?chapter=3"
3,"sugar crops and sweeteners and derived products",159,"beet sugar","http://www.fao.org/economic/ess/ess-standards/comm-items/en/?chapter=3"
3,"sugar crops and sweeteners and derived products",160,"maple sugar and syrups","http://www.fao.org/economic/ess/ess-standards/comm-items/en/?chapter=3"
3,"sugar crops and sweeteners and derived products",161,"sugar crops nes","http://www.fao.org/economic/ess/ess-standards/comm-items/en/?chapter=3"
3,"sugar crops and sweeteners and derived products",162,"sugar, raw centrifugal","http://www.fao.org/economic/ess/ess-standards/comm-items/en/?chapter=3"
3,"sugar crops and sweeteners and derived products",163,"sugar, non-centrifugal","http://www.fao.org/economic/ess/ess-standards/comm-items/en/?chapter=3"
3,"sugar crops and sweeteners and derived products",164,"sugar, refined","http://www.fao.org/economic/ess/ess-standards/comm-items/en/?chapter=3"
3,"sugar crops and sweeteners and derived products",165,"molasses","http://www.fao.org/economic/ess/ess-standards/comm-items/en/?chapter=3"
3,"sugar crops and sweeteners and derived products",166,"other fructose and syrup","http://www.fao.org/economic/ess/ess-standards/comm-items/en/?chapter=3"
3,"sugar crops and sweeteners and derived products",167,"sugar and syrups nes","http://www.fao.org/economic/ess/ess-standards/comm-items/en/?chapter=3"
3,"sugar crops and sweeteners and derived products",168,"sugar confectionery","http://www.fao.org/economic/ess/ess-standards/comm-items/en/?chapter=3"
3,"sugar crops and sweeteners and derived products",172,"glucose and dextrose","http://www.fao.org/economic/ess/ess-standards/comm-items/en/?chapter=3"
3,"sugar crops and sweeteners and derived products",173,"lactose","http://www.fao.org/economic/ess/ess-standards/comm-items/en/?chapter=3"
3,"sugar crops and sweeteners and derived products",174,"artificial sweeteners","http://www.fao.org/economic/ess/ess-standards/comm-items/en/?chapter=3"
3,"sugar crops and sweeteners and derived products",175,"isoglucose","http://www.fao.org/economic/ess/ess-standards/comm-items/en/?chapter=3"
3,"sugar crops and sweeteners and derived products",1182,"honey","http://www.fao.org/economic/ess/ess-standards/comm-items/en/?chapter=3"
4,"pulses and derived products",176,"beans, dry","http://www.fao.org/economic/ess/ess-standards/comm-items/en/?chapter=4"
4,"pulses and derived products",181,"broad beans, dry","http://www.fao.org/economic/ess/ess-standards/comm-items/en/?chapter=4"
4,"pulses and derived products",187,"peas, dry","http://www.fao.org/economic/ess/ess-standards/comm-items/en/?chapter=4"
4,"pulses and derived products",191,"chick-peas, dry","http://www.fao.org/economic/ess/ess-standards/comm-items/en/?chapter=4"
4,"pulses and derived products",195,"cow peas, dry","http://www.fao.org/economic/ess/ess-standards/comm-items/en/?chapter=4"
4,"pulses and derived products",197,"pigeon peas","http://www.fao.org/economic/ess/ess-standards/comm-items/en/?chapter=4"
4,"pulses and derived products",201,"lentils, dry","http://www.fao.org/economic/ess/ess-standards/comm-items/en/?chapter=4"
4,"pulses and derived products",203,"bambara beans","http://www.fao.org/economic/ess/ess-standards/comm-items/en/?chapter=4"
4,"pulses and derived products",205,"vetches","http://www.fao.org/economic/ess/ess-standards/comm-items/en/?chapter=4"
4,"pulses and derived products",210,"lupins","http://www.fao.org/economic/ess/ess-standards/comm-items/en/?chapter=4"
4,"pulses and derived products",211,"pulses nes","http://www.fao.org/economic/ess/ess-standards/comm-items/en/?chapter=4"
4,"pulses and derived products",212,"flour of pulses","http://www.fao.org/economic/ess/ess-standards/comm-items/en/?chapter=4"
5,"nuts and derived products",216,"brazil nuts","http://www.fao.org/economic/ess/ess-standards/comm-items/en/?chapter=5"
5,"nuts and derived products",217,"cashew nuts","http://www.fao.org/economic/ess/ess-standards/comm-items/en/?chapter=5"
5,"nuts and derived products",220,"chestnuts","http://www.fao.org/economic/ess/ess-standards/comm-items/en/?chapter=5"
5,"nuts and derived products",221,"almonds","http://www.fao.org/economic/ess/ess-standards/comm-items/en/?chapter=5"
5,"nuts and derived products",222,"walnuts","http://www.fao.org/economic/ess/ess-standards/comm-items/en/?chapter=5"
5,"nuts and derived products",223,"pistachios","http://www.fao.org/economic/ess/ess-standards/comm-items/en/?chapter=5"
5,"nuts and derived products",224,"kolanuts","http://www.fao.org/economic/ess/ess-standards/comm-items/en/?chapter=5"
5,"nuts and derived products",225,"hazelnuts (filberts)","http://www.fao.org/economic/ess/ess-standards/comm-items/en/?chapter=5"
5,"nuts and derived products",226,"areca nuts","http://www.fao.org/economic/ess/ess-standards/comm-items/en/?chapter=5"
5,"nuts and derived products",229,"brazil nuts, shelled","http://www.fao.org/economic/ess/ess-standards/comm-items/en/?chapter=5"
5,"nuts and derived products",230,"cashew nuts, shelled","http://www.fao.org/economic/ess/ess-standards/comm-items/en/?chapter=5"
5,"nuts and derived products",231,"almonds, shelled","http://www.fao.org/economic/ess/ess-standards/comm-items/en/?chapter=5"
5,"nuts and derived products",232,"walnuts, shelled","http://www.fao.org/economic/ess/ess-standards/comm-items/en/?chapter=5"
5,"nuts and derived products",233,"hazelnuts, shelled","http://www.fao.org/economic/ess/ess-standards/comm-items/en/?chapter=5"
5,"nuts and derived products",234,"nuts nes","http://www.fao.org/economic/ess/ess-standards/comm-items/en/?chapter=5"
5,"nuts and derived products",235,"prepared nuts","http://www.fao.org/economic/ess/ess-standards/comm-items/en/?chapter=5"
6,"oil-bearing crops and derived products",236,"soybeans","http://www.fao.org/economic/ess/ess-standards/comm-items/en/?chapter=6"
6,"oil-bearing crops and derived products",239,"soya sauce","http://www.fao.org/economic/ess/ess-standards/comm-items/en/?chapter=6"
6,"oil-bearing crops and derived products",240,"soya paste","http://www.fao.org/economic/ess/ess-standards/comm-items/en/?chapter=6"
6,"oil-bearing crops and derived products",241,"soya curd","http://www.fao.org/economic/ess/ess-standards/comm-items/en/?chapter=6"
6,"oil-bearing crops and derived products",242,"groundnuts, in shell","http://www.fao.org/economic/ess/ess-standards/comm-items/en/?chapter=6"
6,"oil-bearing crops and derived products",243,"groundnuts, shelled","http://www.fao.org/economic/ess/ess-standards/comm-items/en/?chapter=6"
6,"oil-bearing crops and derived products",246,"prepared groundnuts","http://www.fao.org/economic/ess/ess-standards/comm-items/en/?chapter=6"
6,"oil-bearing crops and derived products",247,"peanut butter","http://www.fao.org/economic/ess/ess-standards/comm-items/en/?chapter=6"
6,"oil-bearing crops and derived products",249,"coconuts","http://www.fao.org/economic/ess/ess-standards/comm-items/en/?chapter=6"
6,"oil-bearing crops and derived products",250,"coconuts, desiccated","http://www.fao.org/economic/ess/ess-standards/comm-items/en/?chapter=6"
6,"oil-bearing crops and derived products",251,"copra","http://www.fao.org/economic/ess/ess-standards/comm-items/en/?chapter=6"
6,"oil-bearing crops and derived products",254,"[oil palm fruit]","http://www.fao.org/economic/ess/ess-standards/comm-items/en/?chapter=6"
6,"oil-bearing crops and derived products",256,"palm kernels","http://www.fao.org/economic/ess/ess-standards/comm-items/en/?chapter=6"
6,"oil-bearing crops and derived products",260,"olives","http://www.fao.org/economic/ess/ess-standards/comm-items/en/?chapter=6"
6,"oil-bearing crops and derived products",262,"olives, preserved","http://www.fao.org/economic/ess/ess-standards/comm-items/en/?chapter=6"
6,"oil-bearing crops and derived products",263,"karite nuts (sheanuts)","http://www.fao.org/economic/ess/ess-standards/comm-items/en/?chapter=6"
6,"oil-bearing crops and derived products",265,"castor beans","http://www.fao.org/economic/ess/ess-standards/comm-items/en/?chapter=6"
6,"oil-bearing crops and derived products",267,"sunflower seed","http://www.fao.org/economic/ess/ess-standards/comm-items/en/?chapter=6"
6,"oil-bearing crops and derived products",270,"rapeseed or colza seed","http://www.fao.org/economic/ess/ess-standards/comm-items/en/?chapter=6"
6,"oil-bearing crops and derived products",275,"tung nuts","http://www.fao.org/economic/ess/ess-standards/comm-items/en/?chapter=6"
6,"oil-bearing crops and derived products",277,"jojoba seeds","http://www.fao.org/economic/ess/ess-standards/comm-items/en/?chapter=6"
6,"oil-bearing crops and derived products",280,"safflower seed","http://www.fao.org/economic/ess/ess-standards/comm-items/en/?chapter=6"
6,"oil-bearing crops and derived products",289,"sesame seed","http://www.fao.org/economic/ess/ess-standards/comm-items/en/?chapter=6"
6,"oil-bearing crops and derived products",292,"mustard seed","http://www.fao.org/economic/ess/ess-standards/comm-items/en/?chapter=6"
6,"oil-bearing crops and derived products",295,"flour of mustard seed","http://www.fao.org/economic/ess/ess-standards/comm-items/en/?chapter=6"
6,"oil-bearing crops and derived products",296,"poppy seed","http://www.fao.org/economic/ess/ess-standards/comm-items/en/?chapter=6"
6,"oil-bearing crops and derived products",299,"melonseed","http://www.fao.org/economic/ess/ess-standards/comm-items/en/?chapter=6"
6,"oil-bearing crops and derived products",305,"tallowtree seeds","http://www.fao.org/economic/ess/ess-standards/comm-items/en/?chapter=6"
6,"oil-bearing crops and derived products",310,"kapok fruit","http://www.fao.org/economic/ess/ess-standards/comm-items/en/?chapter=6"
6,"oil-bearing crops and derived products",311,"kapokseed in shell","http://www.fao.org/economic/ess/ess-standards/comm-items/en/?chapter=6"
7,"vegetables and derived products",358,"cabbages","http://www.fao.org/economic/ess/ess-standards/comm-items/en/?chapter=7"
7,"vegetables and derived products",366,"artichokes","http://www.fao.org/economic/ess/ess-standards/comm-items/en/?chapter=7"
7,"vegetables and derived products",367,"asparagus","http://www.fao.org/economic/ess/ess-standards/comm-items/en/?chapter=7"
7,"vegetables and derived products",372,"lettuce and chicory","http://www.fao.org/economic/ess/ess-standards/comm-items/en/?chapter=7"
7,"vegetables and derived products",373,"spinach","http://www.fao.org/economic/ess/ess-standards/comm-items/en/?chapter=7"
7,"vegetables and derived products",378,"cassava leaves","http://www.fao.org/economic/ess/ess-standards/comm-items/en/?chapter=7"
7,"vegetables and derived products",388,"tomatoes, fresh","http://www.fao.org/economic/ess/ess-standards/comm-items/en/?chapter=7"
7,"vegetables and derived products",390,"juice of tomatoes","http://www.fao.org/economic/ess/ess-standards/comm-items/en/?chapter=7"
7,"vegetables and derived products",391,"paste of tomatoes","http://www.fao.org/economic/ess/ess-standards/comm-items/en/?chapter=7"
7,"vegetables and derived products",392,"tomatoes, peeled (o/t vinegar)","http://www.fao.org/economic/ess/ess-standards/comm-items/en/?chapter=7"
7,"vegetables and derived products",393,"cauliflowers and broccoli","http://www.fao.org/economic/ess/ess-standards/comm-items/en/?chapter=7"
7,"vegetables and derived products",394,"pumpkins, squash and gourds","http://www.fao.org/economic/ess/ess-standards/comm-items/en/?chapter=7"
7,"vegetables and derived products",397,"cucumbers and gherkins","http://www.fao.org/economic/ess/ess-standards/comm-items/en/?chapter=7"
7,"vegetables and derived products",399,"eggplants","http://www.fao.org/economic/ess/ess-standards/comm-items/en/?chapter=7"
7,"vegetables and derived products",401,"chillies and peppers (green)","http://www.fao.org/economic/ess/ess-standards/comm-items/en/?chapter=7"
7,"vegetables and derived products",402,"onions, shallots (green)","http://www.fao.org/economic/ess/ess-standards/comm-items/en/?chapter=7"
7,"vegetables and derived products",403,"onions, dry","http://www.fao.org/economic/ess/ess-standards/comm-items/en/?chapter=7"
7,"vegetables and derived products",406,"garlic","http://www.fao.org/economic/ess/ess-standards/comm-items/en/?chapter=7"
7,"vegetables and derived products",407,"leeks and other alliaceous vegetables","http://www.fao.org/economic/ess/ess-standards/comm-items/en/?chapter=7"
7,"vegetables and derived products",414,"beans, green","http://www.fao.org/economic/ess/ess-standards/comm-items/en/?chapter=7"
7,"vegetables and derived products",417,"peas, green","http://www.fao.org/economic/ess/ess-standards/comm-items/en/?chapter=7"
7,"vegetables and derived products",420,"broad beans, green","http://www.fao.org/economic/ess/ess-standards/comm-items/en/?chapter=7"
7,"vegetables and derived products",423,"string beans","http://www.fao.org/economic/ess/ess-standards/comm-items/en/?chapter=7"
7,"vegetables and derived products",426,"carrot","http://www.fao.org/economic/ess/ess-standards/comm-items/en/?chapter=7"
7,"vegetables and derived products",430,"okra","http://www.fao.org/economic/ess/ess-standards/comm-items/en/?chapter=7"
7,"vegetables and derived products",446,"green corn (maize)","http://www.fao.org/economic/ess/ess-standards/comm-items/en/?chapter=7"
7,"vegetables and derived products",447,"sweet corn, frozen","http://www.fao.org/economic/ess/ess-standards/comm-items/en/?chapter=7"
7,"vegetables and derived products",448,"sweet corn, prepared or preserved","http://www.fao.org/economic/ess/ess-standards/comm-items/en/?chapter=7"
7,"vegetables and derived products",449,"mushrooms","http://www.fao.org/economic/ess/ess-standards/comm-items/en/?chapter=7"
7,"vegetables and derived products",450,"dried mushrooms","http://www.fao.org/economic/ess/ess-standards/comm-items/en/?chapter=7"
8,"fruits and derived products",486,"bananas","http://www.fao.org/economic/ess/ess-standards/comm-items/en/?chapter=8"
8,"fruits and derived products",489,"plantains","http://www.fao.org/economic/ess/ess-standards/comm-items/en/?chapter=8"
8,"fruits and derived products",490,"oranges","http://www.fao.org/economic/ess/ess-standards/comm-items/en/?chapter=8"
8,"fruits and derived products",491,"juice of orange","http://www.fao.org/economic/ess/ess-standards/comm-items/en/?chapter=8"
8,"fruits and derived products",492,"orange juice, concentrated","http://www.fao.org/economic/ess/ess-standards/comm-items/en/?chapter=8"
8,"fruits and derived products",495,"tangerines, mandarins, clementines, satsumas","http://www.fao.org/economic/ess/ess-standards/comm-items/en/?chapter=8"
8,"fruits and derived products",496,"juice of tangerine, mandarin and clementin","http://www.fao.org/economic/ess/ess-standards/comm-items/en/?chapter=8"
8,"fruits and derived products",497,"lemons and limes","http://www.fao.org/economic/ess/ess-standards/comm-items/en/?chapter=8"
8,"fruits and derived products",498,"juice of lemon","http://www.fao.org/economic/ess/ess-standards/comm-items/en/?chapter=8"
8,"fruits and derived products",499,"lemon juice, concentrated","http://www.fao.org/economic/ess/ess-standards/comm-items/en/?chapter=8"
8,"fruits and derived products",507,"grapefruit and pomelo","http://www.fao.org/economic/ess/ess-standards/comm-items/en/?chapter=8"
8,"fruits and derived products",509,"juice of grapefruit","http://www.fao.org/economic/ess/ess-standards/comm-items/en/?chapter=8"
8,"fruits and derived products",510,"grapefruit juice, concentrated","http://www.fao.org/economic/ess/ess-standards/comm-items/en/?chapter=8"
8,"fruits and derived products",512,"citrus fruit nes","http://www.fao.org/economic/ess/ess-standards/comm-items/en/?chapter=8"
8,"fruits and derived products",513,"juice of citrus fruit nes","http://www.fao.org/economic/ess/ess-standards/comm-items/en/?chapter=8"
8,"fruits and derived products",514,"citrus juice, concentrated nes","http://www.fao.org/economic/ess/ess-standards/comm-items/en/?chapter=8"
8,"fruits and derived products",515,"apples","http://www.fao.org/economic/ess/ess-standards/comm-items/en/?chapter=8"
8,"fruits and derived products",518,"apple juice","http://www.fao.org/economic/ess/ess-standards/comm-items/en/?chapter=8"
8,"fruits and derived products",519,"apple juice, concentrated","http://www.fao.org/economic/ess/ess-standards/comm-items/en/?chapter=8"
8,"fruits and derived products",521,"pears","http://www.fao.org/economic/ess/ess-standards/comm-items/en/?chapter=8"
8,"fruits and derived products",523,"quinces","http://www.fao.org/economic/ess/ess-standards/comm-items/en/?chapter=8"
8,"fruits and derived products",526,"apricots","http://www.fao.org/economic/ess/ess-standards/comm-items/en/?chapter=8"
8,"fruits and derived products",527,"apricots, dried","http://www.fao.org/economic/ess/ess-standards/comm-items/en/?chapter=8"
8,"fruits and derived products",530,"sour cherries","http://www.fao.org/economic/ess/ess-standards/comm-items/en/?chapter=8"
8,"fruits and derived products",531,"cherries","http://www.fao.org/economic/ess/ess-standards/comm-items/en/?chapter=8"
8,"fruits and derived products",534,"peaches and nectarines","http://www.fao.org/economic/ess/ess-standards/comm-items/en/?chapter=8"
8,"fruits and derived products",536,"plums","http://www.fao.org/economic/ess/ess-standards/comm-items/en/?chapter=8"
8,"fruits and derived products",537,"plums, dried","http://www.fao.org/economic/ess/ess-standards/comm-items/en/?chapter=8"
8,"fruits and derived products",538,"juice of plum","http://www.fao.org/economic/ess/ess-standards/comm-items/en/?chapter=8"
8,"fruits and derived products",539,"juice of plum, concentrated","http://www.fao.org/economic/ess/ess-standards/comm-items/en/?chapter=8"
9,"fibres of vegetal and animal origin",767,"cotton lint","http://www.fao.org/economic/ess/ess-standards/comm-items/en/?chapter=9"
9,"fibres of vegetal and animal origin",768,"cotton, carded or combed","http://www.fao.org/economic/ess/ess-standards/comm-items/en/?chapter=9"
9,"fibres of vegetal and animal origin",769,"cotton waste","http://www.fao.org/economic/ess/ess-standards/comm-items/en/?chapter=9"
9,"fibres of vegetal and animal origin",770,"cotton linters","http://www.fao.org/economic/ess/ess-standards/comm-items/en/?chapter=9"
9,"fibres of vegetal and animal origin",771,"flax, raw or retted","http://www.fao.org/economic/ess/ess-standards/comm-items/en/?chapter=9"
9,"fibres of vegetal and animal origin",773,"flax fibre and tow","http://www.fao.org/economic/ess/ess-standards/comm-items/en/?chapter=9"
9,"fibres of vegetal and animal origin",774,"flax tow and waste","http://www.fao.org/economic/ess/ess-standards/comm-items/en/?chapter=9"
9,"fibres of vegetal and animal origin",777,"hemp fibre and tow","http://www.fao.org/economic/ess/ess-standards/comm-items/en/?chapter=9"
9,"fibres of vegetal and animal origin",778,"kapok fibre","http://www.fao.org/economic/ess/ess-standards/comm-items/en/?chapter=9"
9,"fibres of vegetal and animal origin",780,"jute","http://www.fao.org/economic/ess/ess-standards/comm-items/en/?chapter=9"
9,"fibres of vegetal and animal origin",782,"jute-like fibres","http://www.fao.org/economic/ess/ess-standards/comm-items/en/?chapter=9"
9,"fibres of vegetal and animal origin",788,"ramie","http://www.fao.org/economic/ess/ess-standards/comm-items/en/?chapter=9"
9,"fibres of vegetal and animal origin",789,"sisal","http://www.fao.org/economic/ess/ess-standards/comm-items/en/?chapter=9"
9,"fibres of vegetal and animal origin",800,"agave fibres nes","http://www.fao.org/economic/ess/ess-standards/comm-items/en/?chapter=9"
9,"fibres of vegetal and animal origin",809,"abaca manila hemp","http://www.fao.org/economic/ess/ess-standards/comm-items/en/?chapter=9"
9,"fibres of vegetal and animal origin",813,"coir","http://www.fao.org/economic/ess/ess-standards/comm-items/en/?chapter=9"
9,"fibres of vegetal and animal origin",821,"fibre crops nes","http://www.fao.org/economic/ess/ess-standards/comm-items/en/?chapter=9"
9,"fibres of vegetal and animal origin",987,"wool, greasy","http://www.fao.org/economic/ess/ess-standards/comm-items/en/?chapter=9"
9,"fibres of vegetal and animal origin",988,"wool, degreased","http://www.fao.org/economic/ess/ess-standards/comm-items/en/?chapter=9"
9,"fibres of vegetal and animal origin",1007,"wool, shoddy","http://www.fao.org/economic/ess/ess-standards/comm-items/en/?chapter=9"
9,"fibres of vegetal and animal origin",1008,"hair, carded, combed","http://www.fao.org/economic/ess/ess-standards/comm-items/en/?chapter=9"
9,"fibres of vegetal and animal origin",1009,"wool, hair waste","http://www.fao.org/economic/ess/ess-standards/comm-items/en/?chapter=9"
9,"fibres of vegetal and animal origin",1010,"wool tops","http://www.fao.org/economic/ess/ess-standards/comm-items/en/?chapter=9"
9,"fibres of vegetal and animal origin",1030,"fine goat hair","http://www.fao.org/economic/ess/ess-standards/comm-items/en/?chapter=9"
9,"fibres of vegetal and animal origin",1031,"coarse goat hair","http://www.fao.org/economic/ess/ess-standards/comm-items/en/?chapter=9"
9,"fibres of vegetal and animal origin",1100,"hair of horses","http://www.fao.org/economic/ess/ess-standards/comm-items/en/?chapter=9"
9,"fibres of vegetal and animal origin",1185,"cocoons, reelable","http://www.fao.org/economic/ess/ess-standards/comm-items/en/?chapter=9"
9,"fibres of vegetal and animal origin",1186,"silk, raw","http://www.fao.org/economic/ess/ess-standards/comm-items/en/?chapter=9"
9,"fibres of vegetal and animal origin",1187,"cocoons unreelable, waste","http://www.fao.org/economic/ess/ess-standards/comm-items/en/?chapter=9"
9,"fibres of vegetal and animal origin",1218,"hair, fine","http://www.fao.org/economic/ess/ess-standards/comm-items/en/?chapter=9"
10,"spices",687,"pepper","http://www.fao.org/economic/ess/ess-standards/comm-items/en/?chapter=10"
10,"spices",689,"pimento","http://www.fao.org/economic/ess/ess-standards/comm-items/en/?chapter=10"
10,"spices",692,"vanilla","http://www.fao.org/economic/ess/ess-standards/comm-items/en/?chapter=10"
10,"spices",693,"cinnamon (canella)","http://www.fao.org/economic/ess/ess-standards/comm-items/en/?chapter=10"
10,"spices",698,"cloves","http://www.fao.org/economic/ess/ess-standards/comm-items/en/?chapter=10"
10,"spices",702,"nutmeg, mace, cardamoms","http://www.fao.org/economic/ess/ess-standards/comm-items/en/?chapter=10"
10,"spices",711,"anise, badian, fennel","http://www.fao.org/economic/ess/ess-standards/comm-items/en/?chapter=10"
10,"spices",720,"ginger","http://www.fao.org/economic/ess/ess-standards/comm-items/en/?chapter=10"
10,"spices",723,"spices nes","http://www.fao.org/economic/ess/ess-standards/comm-items/en/?chapter=10"
11,"fodder crops and products",17,"bran of wheat","http://www.fao.org/economic/ess/ess-standards/comm-items/en/?chapter=11"
11,"fodder crops and products",35,"bran of rice","http://www.fao.org/economic/ess/ess-standards/comm-items/en/?chapter=11"
11,"fodder crops and products",37,"cake of rice bran","http://www.fao.org/economic/ess/ess-standards/comm-items/en/?chapter=11"
11,"fodder crops and products",47,"bran of barley","http://www.fao.org/economic/ess/ess-standards/comm-items/en/?chapter=11"
11,"fodder crops and products",59,"bran of maize","http://www.fao.org/economic/ess/ess-standards/comm-items/en/?chapter=11"
11,"fodder crops and products",61,"cake of maize","http://www.fao.org/economic/ess/ess-standards/comm-items/en/?chapter=11"
11,"fodder crops and products",73,"bran of rye","http://www.fao.org/economic/ess/ess-standards/comm-items/en/?chapter=11"
11,"fodder crops and products",77,"bran of oats","http://www.fao.org/economic/ess/ess-standards/comm-items/en/?chapter=11"
11,"fodder crops and products",81,"bran of millet","http://www.fao.org/economic/ess/ess-standards/comm-items/en/?chapter=11"
11,"fodder crops and products",85,"bran of sorghum","http://www.fao.org/economic/ess/ess-standards/comm-items/en/?chapter=11"
11,"fodder crops and products",91,"bran of buckwheat","http://www.fao.org/economic/ess/ess-standards/comm-items/en/?chapter=11"
11,"fodder crops and products",96,"bran of fonio","http://www.fao.org/economic/ess/ess-standards/comm-items/en/?chapter=11"
11,"fodder crops and products",99,"bran of triticale","http://www.fao.org/economic/ess/ess-standards/comm-items/en/?chapter=11"
11,"fodder crops and products",105,"bran of mixed grain","http://www.fao.org/economic/ess/ess-standards/comm-items/en/?chapter=11"
11,"fodder crops and products",112,"bran of cereals nes","http://www.fao.org/economic/ess/ess-standards/comm-items/en/?chapter=11"
11,"fodder crops and products",120,"potato offals","http://www.fao.org/economic/ess/ess-standards/comm-items/en/?chapter=11"
11,"fodder crops and products",169,"beet pulp","http://www.fao.org/economic/ess/ess-standards/comm-items/en/?chapter=11"
11,"fodder crops and products",170,"bagasse","http://www.fao.org/economic/ess/ess-standards/comm-items/en/?chapter=11"
11,"fodder crops and products",213,"bran of pulses","http://www.fao.org/economic/ess/ess-standards/comm-items/en/?chapter=11"
11,"fodder crops and products",238,"cake of soybeans","http://www.fao.org/economic/ess/ess-standards/comm-items/en/?chapter=11"
11,"fodder crops and products",245,"cake of groundnuts","http://www.fao.org/economic/ess/ess-standards/comm-items/en/?chapter=11"
11,"fodder crops and products",253,"cake of copra","http://www.fao.org/economic/ess/ess-standards/comm-items/en/?chapter=11"
11,"fodder crops and products",259,"cake of palm kernel","http://www.fao.org/economic/ess/ess-standards/comm-items/en/?chapter=11"
11,"fodder crops and products",269,"cake of sunflower seed","http://www.fao.org/economic/ess/ess-standards/comm-items/en/?chapter=11"
11,"fodder crops and products",272,"cake of rapeseed","http://www.fao.org/economic/ess/ess-standards/comm-items/en/?chapter=11"
11,"fodder crops and products",273,"olive residues","http://www.fao.org/economic/ess/ess-standards/comm-items/en/?chapter=11"
11,"fodder crops and products",282,"cake of safflower seed","http://www.fao.org/economic/ess/ess-standards/comm-items/en/?chapter=11"
11,"fodder crops and products",291,"cake of sesame seed","http://www.fao.org/economic/ess/ess-standards/comm-items/en/?chapter=11"
11,"fodder crops and products",294,"cake of mustard seed","http://www.fao.org/economic/ess/ess-standards/comm-items/en/?chapter=11"
11,"fodder crops and products",298,"cake of poppy seed","http://www.fao.org/economic/ess/ess-standards/comm-items/en/?chapter=11"
12,"stimulant crops and derived products",656,"coffee green","http://www.fao.org/economic/ess/ess-standards/comm-items/en/?chapter=12"
12,"stimulant crops and derived products",657,"coffee, roasted","http://www.fao.org/economic/ess/ess-standards/comm-items/en/?chapter=12"
12,"stimulant crops and derived products",658,"coffee substitutes","http://www.fao.org/economic/ess/ess-standards/comm-items/en/?chapter=12"
12,"stimulant crops and derived products",659,"coffee extracts","http://www.fao.org/economic/ess/ess-standards/comm-items/en/?chapter=12"
12,"stimulant crops and derived products",660,"coffee husks and skins","http://www.fao.org/economic/ess/ess-standards/comm-items/en/?chapter=12"
12,"stimulant crops and derived products",661,"cocoa beans","http://www.fao.org/economic/ess/ess-standards/comm-items/en/?chapter=12"
12,"stimulant crops and derived products",662,"cocoa paste","http://www.fao.org/economic/ess/ess-standards/comm-items/en/?chapter=12"
12,"stimulant crops and derived products",663,"cocoa husks and shells","http://www.fao.org/economic/ess/ess-standards/comm-items/en/?chapter=12"
12,"stimulant crops and derived products",664,"cocoa butter","http://www.fao.org/economic/ess/ess-standards/comm-items/en/?chapter=12"
12,"stimulant crops and derived products",665,"cocoa powder and cake","http://www.fao.org/economic/ess/ess-standards/comm-items/en/?chapter=12"
12,"stimulant crops and derived products",666,"chocolate products nes","http://www.fao.org/economic/ess/ess-standards/comm-items/en/?chapter=12"
12,"stimulant crops and derived products",667,"tea","http://www.fao.org/economic/ess/ess-standards/comm-items/en/?chapter=12"
12,"stimulant crops and derived products",671,"mate","http://www.fao.org/economic/ess/ess-standards/comm-items/en/?chapter=12"
12,"stimulant crops and derived products",672,"extracts of tea and mate","http://www.fao.org/economic/ess/ess-standards/comm-items/en/?chapter=12"
12,"stimulant crops and derived products",674,"tea nes","http://www.fao.org/economic/ess/ess-standards/comm-items/en/?chapter=12"
13,"tobacco and rubber and other crops",459,"chicory roots","http://www.fao.org/economic/ess/ess-standards/comm-items/en/?chapter=13"
13,"tobacco and rubber and other crops",460,"vegetable products, fresh or dry nes","http://www.fao.org/economic/ess/ess-standards/comm-items/en/?chapter=13"
13,"tobacco and rubber and other crops",461,"carobs","http://www.fao.org/economic/ess/ess-standards/comm-items/en/?chapter=13"
13,"tobacco and rubber and other crops",677,"hops","http://www.fao.org/economic/ess/ess-standards/comm-items/en/?chapter=13"
13,"tobacco and rubber and other crops",737,"oil of citronella","http://www.fao.org/economic/ess/ess-standards/comm-items/en/?chapter=13"
13,"tobacco and rubber and other crops",748,"peppermint, spearmint","http://www.fao.org/economic/ess/ess-standards/comm-items/en/?chapter=13"
13,"tobacco and rubber and other crops",753,"essential oils nes","http://www.fao.org/economic/ess/ess-standards/comm-items/en/?chapter=13"
13,"tobacco and rubber and other crops",754,"pyrethrum, dried flowers","http://www.fao.org/economic/ess/ess-standards/comm-items/en/?chapter=13"
13,"tobacco and rubber and other crops",755,"pyrethrum extract","http://www.fao.org/economic/ess/ess-standards/comm-items/en/?chapter=13"
13,"tobacco and rubber and other crops",756,"pyrethrum marc","http://www.fao.org/economic/ess/ess-standards/comm-items/en/?chapter=13"
13,"tobacco and rubber and other crops",826,"tobacco leaves","http://www.fao.org/economic/ess/ess-standards/comm-items/en/?chapter=13"
13,"tobacco and rubber and other crops",828,"cigarettes","http://www.fao.org/economic/ess/ess-standards/comm-items/en/?chapter=13"
13,"tobacco and rubber and other crops",829,"cigars and cheroots","http://www.fao.org/economic/ess/ess-standards/comm-items/en/?chapter=13"
13,"tobacco and rubber and other crops",831,"tobacco products nes","http://www.fao.org/economic/ess/ess-standards/comm-items/en/?chapter=13"
13,"tobacco and rubber and other crops",836,"natural rubber","http://www.fao.org/economic/ess/ess-standards/comm-items/en/?chapter=13"
13,"tobacco and rubber and other crops",837,"rubber, natural (dry)","http://www.fao.org/economic/ess/ess-standards/comm-items/en/?chapter=13"
13,"tobacco and rubber and other crops",839,"natural gums","http://www.fao.org/economic/ess/ess-standards/comm-items/en/?chapter=13"
13,"tobacco and rubber and other crops",1232,"food preparations nes","http://www.fao.org/economic/ess/ess-standards/comm-items/en/?chapter=13"
13,"tobacco and rubber and other crops",1291,"arabic gum","http://www.fao.org/economic/ess/ess-standards/comm-items/en/?chapter=13"
13,"tobacco and rubber and other crops",1292,"other resins","http://www.fao.org/economic/ess/ess-standards/comm-items/en/?chapter=13"
13,"tobacco and rubber and other crops",1293,"crude organic materials nes","http://www.fao.org/economic/ess/ess-standards/comm-items/en/?chapter=13"
13,"tobacco and rubber and other crops",1294,"seeds for planting","http://www.fao.org/economic/ess/ess-standards/comm-items/en/?chapter=13"
13,"tobacco and rubber and other crops",1296,"vegetable waxes","http://www.fao.org/economic/ess/ess-standards/comm-items/en/?chapter=13"
14,"vegetable and animal oils and fats",36,"oil of rice bran","http://www.fao.org/economic/ess/ess-standards/comm-items/en/?chapter=14"
14,"vegetable and animal oils and fats",60,"oil of maize","http://www.fao.org/economic/ess/ess-standards/comm-items/en/?chapter=14"
14,"vegetable and animal oils and fats",237,"oil of soybeans","http://www.fao.org/economic/ess/ess-standards/comm-items/en/?chapter=14"
14,"vegetable and animal oils and fats",244,"oil of groundnuts","http://www.fao.org/economic/ess/ess-standards/comm-items/en/?chapter=14"
14,"vegetable and animal oils and fats",252,"oil of coconuts","http://www.fao.org/economic/ess/ess-standards/comm-items/en/?chapter=14"
14,"vegetable and animal oils and fats",257,"oil of palm","http://www.fao.org/economic/ess/ess-standards/comm-items/en/?chapter=14"
14,"vegetable and animal oils and fats",258,"oil of palm kernel","http://www.fao.org/economic/ess/ess-standards/comm-items/en/?chapter=14"
14,"vegetable and animal oils and fats",261,"oil of olives, virgin","http://www.fao.org/economic/ess/ess-standards/comm-items/en/?chapter=14"
14,"vegetable and animal oils and fats",264,"butter of karite nuts","http://www.fao.org/economic/ess/ess-standards/comm-items/en/?chapter=14"
14,"vegetable and animal oils and fats",266,"oil of castor beans","http://www.fao.org/economic/ess/ess-standards/comm-items/en/?chapter=14"
14,"vegetable and animal oils and fats",268,"oil of sunflower seed","http://www.fao.org/economic/ess/ess-standards/comm-items/en/?chapter=14"
14,"vegetable and animal oils and fats",271,"oil of rapeseed or canola oil","http://www.fao.org/economic/ess/ess-standards/comm-items/en/?chapter=14"
14,"vegetable and animal oils and fats",274,"oil of olive residues","http://www.fao.org/economic/ess/ess-standards/comm-items/en/?chapter=14"
14,"vegetable and animal oils and fats",276,"oil of tung nuts","http://www.fao.org/economic/ess/ess-standards/comm-items/en/?chapter=14"
14,"vegetable and animal oils and fats",278,"jojoba oil","http://www.fao.org/economic/ess/ess-standards/comm-items/en/?chapter=14"
14,"vegetable and animal oils and fats",281,"oil of safflower seed","http://www.fao.org/economic/ess/ess-standards/comm-items/en/?chapter=14"
14,"vegetable and animal oils and fats",290,"oil of sesame seed","http://www.fao.org/economic/ess/ess-standards/comm-items/en/?chapter=14"
14,"vegetable and animal oils and fats",293,"oil of mustard seed","http://www.fao.org/economic/ess/ess-standards/comm-items/en/?chapter=14"
14,"vegetable and animal oils and fats",297,"oil of poppy seed","http://www.fao.org/economic/ess/ess-standards/comm-items/en/?chapter=14"
14,"vegetable and animal oils and fats",306,"vegetable tallow","http://www.fao.org/economic/ess/ess-standards/comm-items/en/?chapter=14"
14,"vegetable and animal oils and fats",307,"stillingia oil","http://www.fao.org/economic/ess/ess-standards/comm-items/en/?chapter=14"
14,"vegetable and animal oils and fats",313,"oil of kapok","http://www.fao.org/economic/ess/ess-standards/comm-items/en/?chapter=14"
14,"vegetable and animal oils and fats",331,"oil of cottonseed","http://www.fao.org/economic/ess/ess-standards/comm-items/en/?chapter=14"
14,"vegetable and animal oils and fats",334,"oil of linseed","http://www.fao.org/economic/ess/ess-standards/comm-items/en/?chapter=14"
14,"vegetable and animal oils and fats",337,"oil of hempseed","http://www.fao.org/economic/ess/ess-standards/comm-items/en/?chapter=14"
14,"vegetable and animal oils and fats",340,"oil of vegetable origin nes","http://www.fao.org/economic/ess/ess-standards/comm-items/en/?chapter=14"
14,"vegetable and animal oils and fats",869,"fat of cattle","http://www.fao.org/economic/ess/ess-standards/comm-items/en/?chapter=14"
14,"vegetable and animal oils and fats",871,"cattle, butcher fat","http://www.fao.org/economic/ess/ess-standards/comm-items/en/?chapter=14"
14,"vegetable and animal oils and fats",949,"fat of buffalo","http://www.fao.org/economic/ess/ess-standards/comm-items/en/?chapter=14"
14,"vegetable and animal oils and fats",979,"fat of sheep","http://www.fao.org/economic/ess/ess-standards/comm-items/en/?chapter=14"
15,"beverages",26,"wheat-fermented beverages","http://www.fao.org/economic/ess/ess-standards/comm-items/en/?chapter=15"
15,"beverages",39,"rice-fermented beverages","http://www.fao.org/economic/ess/ess-standards/comm-items/en/?chapter=15"
15,"beverages",51,"beer of barley","http://www.fao.org/economic/ess/ess-standards/comm-items/en/?chapter=15"
15,"beverages",66,"beer of maize","http://www.fao.org/economic/ess/ess-standards/comm-items/en/?chapter=15"
15,"beverages",82,"beer of millet","http://www.fao.org/economic/ess/ess-standards/comm-items/en/?chapter=15"
15,"beverages",86,"beer of sorghum","http://www.fao.org/economic/ess/ess-standards/comm-items/en/?chapter=15"
15,"beverages",517,"cider, etc.","http://www.fao.org/economic/ess/ess-standards/comm-items/en/?chapter=15"
15,"beverages",563,"must of grape","http://www.fao.org/economic/ess/ess-standards/comm-items/en/?chapter=15"
15,"beverages",564,"wine","http://www.fao.org/economic/ess/ess-standards/comm-items/en/?chapter=15"
15,"beverages",565,"vermouths, etc.","http://www.fao.org/economic/ess/ess-standards/comm-items/en/?chapter=15"
15,"beverages",631,"waters, ice and snow","http://www.fao.org/economic/ess/ess-standards/comm-items/en/?chapter=15"
15,"beverages",632,"alcohol, non-food purposes","http://www.fao.org/economic/ess/ess-standards/comm-items/en/?chapter=15"
15,"beverages",633,"beverages, non-alcoholic","http://www.fao.org/economic/ess/ess-standards/comm-items/en/?chapter=15"
15,"beverages",634,"beverages, distilled alcoholic","http://www.fao.org/economic/ess/ess-standards/comm-items/en/?chapter=15"
16,"livestock",866,"cattle","http://www.fao.org/economic/ess/ess-standards/comm-items/en/?chapter=16"
16,"livestock",946,"buffaloes","http://www.fao.org/economic/ess/ess-standards/comm-items/en/?chapter=16"
16,"livestock",976,"sheep","http://www.fao.org/economic/ess/ess-standards/comm-items/en/?chapter=16"
16,"livestock",1016,"goats","http://www.fao.org/economic/ess/ess-standards/comm-items/en/?chapter=16"
16,"livestock",1034,"pigs","http://www.fao.org/economic/ess/ess-standards/comm-items/en/?chapter=16"
16,"livestock",1057,"chickens","http://www.fao.org/economic/ess/ess-standards/comm-items/en/?chapter=16"
16,"livestock",1068,"ducks","http://www.fao.org/economic/ess/ess-standards/comm-items/en/?chapter=16"
16,"livestock",1072,"geese","http://www.fao.org/economic/ess/ess-standards/comm-items/en/?chapter=16"
16,"livestock",1079,"turkeys","http://www.fao.org/economic/ess/ess-standards/comm-items/en/?chapter=16"
16,"livestock",1083,"pigeons and other birds","http://www.fao.org/economic/ess/ess-standards/comm-items/en/?chapter=16"
16,"livestock",1096,"horses","http://www.fao.org/economic/ess/ess-standards/comm-items/en/?chapter=16"
16,"livestock",1107,"asses","http://www.fao.org/economic/ess/ess-standards/comm-items/en/?chapter=16"
16,"livestock",1110,"mules","http://www.fao.org/economic/ess/ess-standards/comm-items/en/?chapter=16"
16,"livestock",1126,"camels","http://www.fao.org/economic/ess/ess-standards/comm-items/en/?chapter=16"
16,"livestock",1140,"rabbits","http://www.fao.org/economic/ess/ess-standards/comm-items/en/?chapter=16"
16,"livestock",1150,"other rodents","http://www.fao.org/economic/ess/ess-standards/comm-items/en/?chapter=16"
16,"livestock",1157,"other camelids","http://www.fao.org/economic/ess/ess-standards/comm-items/en/?chapter=16"
16,"livestock",1169,"live animals, non food nes","http://www.fao.org/economic/ess/ess-standards/comm-items/en/?chapter=16"
16,"livestock",1171,"live animals nes","http://www.fao.org/economic/ess/ess-standards/comm-items/en/?chapter=16"
16,"livestock",1181,"beehives","http://www.fao.org/economic/ess/ess-standards/comm-items/en/?chapter=16"
17,"products from slaughtered animals",867,"meat of cattle","http://www.fao.org/economic/ess/ess-standards/comm-items/en/?chapter=17"
17,"products from slaughtered animals",868,"offals of cattle, edible","http://www.fao.org/economic/ess/ess-standards/comm-items/en/?chapter=17"
17,"products from slaughtered animals",870,"meat of cattle, boneless","http://www.fao.org/economic/ess/ess-standards/comm-items/en/?chapter=17"
17,"products from slaughtered animals",872,"beef and veal, dried, salted, smoked","http://www.fao.org/economic/ess/ess-standards/comm-items/en/?chapter=17"
17,"products from slaughtered animals",873,"meat extracts","http://www.fao.org/economic/ess/ess-standards/comm-items/en/?chapter=17"
17,"products from slaughtered animals",874,"sausages of beef and veal","http://www.fao.org/economic/ess/ess-standards/comm-items/en/?chapter=17"
17,"products from slaughtered animals",875,"beef and veal preparations nes","http://www.fao.org/economic/ess/ess-standards/comm-items/en/?chapter=17"
17,"products from slaughtered animals",877,"homogenized meat preparations","http://www.fao.org/economic/ess/ess-standards/comm-items/en/?chapter=17"
17,"products from slaughtered animals",878,"liver preparations","http://www.fao.org/economic/ess/ess-standards/comm-items/en/?chapter=17"
17,"products from slaughtered animals",947,"buffalo meat","http://www.fao.org/economic/ess/ess-standards/comm-items/en/?chapter=17"
17,"products from slaughtered animals",948,"offals of buffalo, edible","http://www.fao.org/economic/ess/ess-standards/comm-items/en/?chapter=17"
17,"products from slaughtered animals",977,"meat of sheep","http://www.fao.org/economic/ess/ess-standards/comm-items/en/?chapter=17"
17,"products from slaughtered animals",978,"offals of sheep, edible","http://www.fao.org/economic/ess/ess-standards/comm-items/en/?chapter=17"
17,"products from slaughtered animals",1017,"goat meat","http://www.fao.org/economic/ess/ess-standards/comm-items/en/?chapter=17"
17,"products from slaughtered animals",1018,"offals of goats, edible","http://www.fao.org/economic/ess/ess-standards/comm-items/en/?chapter=17"
17,"products from slaughtered animals",1035,"pig meat","http://www.fao.org/economic/ess/ess-standards/comm-items/en/?chapter=17"
17,"products from slaughtered animals",1036,"offals of pigs, edible","http://www.fao.org/economic/ess/ess-standards/comm-items/en/?chapter=17"
17,"products from slaughtered animals",1038,"pork","http://www.fao.org/economic/ess/ess-standards/comm-items/en/?chapter=17"
17,"products from slaughtered animals",1039,"bacon and ham","http://www.fao.org/economic/ess/ess-standards/comm-items/en/?chapter=17"
17,"products from slaughtered animals",1041,"sausages of pig meat","http://www.fao.org/economic/ess/ess-standards/comm-items/en/?chapter=17"
17,"products from slaughtered animals",1042,"pig meat preparations","http://www.fao.org/economic/ess/ess-standards/comm-items/en/?chapter=17"
17,"products from slaughtered animals",1058,"chicken meat","http://www.fao.org/economic/ess/ess-standards/comm-items/en/?chapter=17"
17,"products from slaughtered animals",1059,"offals and liver of chickens","http://www.fao.org/economic/ess/ess-standards/comm-items/en/?chapter=17"
17,"products from slaughtered animals",1060,"fatty liver preparations","http://www.fao.org/economic/ess/ess-standards/comm-items/en/?chapter=17"
17,"products from slaughtered animals",1061,"meat, canned (poultry)","http://www.fao.org/economic/ess/ess-standards/comm-items/en/?chapter=17"
17,"products from slaughtered animals",1069,"duck meat","http://www.fao.org/economic/ess/ess-standards/comm-items/en/?chapter=17"
17,"products from slaughtered animals",1073,"goose meat","http://www.fao.org/economic/ess/ess-standards/comm-items/en/?chapter=17"
17,"products from slaughtered animals",1074,"offals and liver of geese","http://www.fao.org/economic/ess/ess-standards/comm-items/en/?chapter=17"
17,"products from slaughtered animals",1075,"offals and liver of ducks","http://www.fao.org/economic/ess/ess-standards/comm-items/en/?chapter=17"
17,"products from slaughtered animals",1080,"turkey meat","http://www.fao.org/economic/ess/ess-standards/comm-items/en/?chapter=17"
18,"products from live animals",882,"cow milk, whole (fresh)","http://www.fao.org/economic/ess/ess-standards/comm-items/en/?chapter=18"
18,"products from live animals",883,"standardized milk","http://www.fao.org/economic/ess/ess-standards/comm-items/en/?chapter=18"
18,"products from live animals",885,"cream, fresh","http://www.fao.org/economic/ess/ess-standards/comm-items/en/?chapter=18"
18,"products from live animals",886,"butter of cow milk","http://www.fao.org/economic/ess/ess-standards/comm-items/en/?chapter=18"
18,"products from live animals",887,"ghee from cow milk","http://www.fao.org/economic/ess/ess-standards/comm-items/en/?chapter=18"
18,"products from live animals",888,"skim milk of cows","http://www.fao.org/economic/ess/ess-standards/comm-items/en/?chapter=18"
18,"products from live animals",889,"whole milk, condensed","http://www.fao.org/economic/ess/ess-standards/comm-items/en/?chapter=18"
18,"products from live animals",890,"whey, condensed","http://www.fao.org/economic/ess/ess-standards/comm-items/en/?chapter=18"
18,"products from live animals",891,"yoghurt","http://www.fao.org/economic/ess/ess-standards/comm-items/en/?chapter=18"
18,"products from live animals",892,"yoghurt, concentrated or unconcent","http://www.fao.org/economic/ess/ess-standards/comm-items/en/?chapter=18"
18,"products from live animals",893,"buttermilk, curdled milk, acidified milk","http://www.fao.org/economic/ess/ess-standards/comm-items/en/?chapter=18"
18,"products from live animals",894,"whole milk, evaporated","http://www.fao.org/economic/ess/ess-standards/comm-items/en/?chapter=18"
18,"products from live animals",895,"skim milk, evaporated","http://www.fao.org/economic/ess/ess-standards/comm-items/en/?chapter=18"
18,"products from live animals",896,"skim milk, condensed","http://www.fao.org/economic/ess/ess-standards/comm-items/en/?chapter=18"
18,"products from live animals",897,"dry whole cow milk","http://www.fao.org/economic/ess/ess-standards/comm-items/en/?chapter=18"
18,"products from live animals",898,"dry skim cow milk","http://www.fao.org/economic/ess/ess-standards/comm-items/en/?chapter=18"
18,"products from live animals",899,"dry buttermilk","http://www.fao.org/economic/ess/ess-standards/comm-items/en/?chapter=18"
18,"products from live animals",900,"dry whey","http://www.fao.org/economic/ess/ess-standards/comm-items/en/?chapter=18"
18,"products from live animals",901,"cheese from whole cow milk","http://www.fao.org/economic/ess/ess-standards/comm-items/en/?chapter=18"
18,"products from live animals",903,"whey, fresh","http://www.fao.org/economic/ess/ess-standards/comm-items/en/?chapter=18"
18,"products from live animals",904,"cheese from skimmed cow milk","http://www.fao.org/economic/ess/ess-standards/comm-items/en/?chapter=18"
18,"products from live animals",905,"whey cheese","http://www.fao.org/economic/ess/ess-standards/comm-items/en/?chapter=18"
18,"products from live animals",907,"processed cheese","http://www.fao.org/economic/ess/ess-standards/comm-items/en/?chapter=18"
18,"products from live animals",908,"reconstituted milk","http://www.fao.org/economic/ess/ess-standards/comm-items/en/?chapter=18"
18,"products from live animals",909,"products of natural milk constitue, nes","http://www.fao.org/economic/ess/ess-standards/comm-items/en/?chapter=18"
18,"products from live animals",910,"ice cream and edible ice","http://www.fao.org/economic/ess/ess-standards/comm-items/en/?chapter=18"
18,"products from live animals",916,"egg albumin","http://www.fao.org/economic/ess/ess-standards/comm-items/en/?chapter=18"
18,"products from live animals",917,"casein","http://www.fao.org/economic/ess/ess-standards/comm-items/en/?chapter=18"
18,"products from live animals",951,"buffalo milk","http://www.fao.org/economic/ess/ess-standards/comm-items/en/?chapter=18"
18,"products from live animals",952,"butter of buffalo milk","http://www.fao.org/economic/ess/ess-standards/comm-items/en/?chapter=18"
19,"hides and skins",919,"cattle hides, fresh","http://www.fao.org/economic/ess/ess-standards/comm-items/en/?chapter=19"
19,"hides and skins",920,"hides, wet-salted (cattle)","http://www.fao.org/economic/ess/ess-standards/comm-items/en/?chapter=19"
19,"hides and skins",921,"hides, dry-salted (cattle)","http://www.fao.org/economic/ess/ess-standards/comm-items/en/?chapter=19"
19,"hides and skins",922,"hides nes, cattle","http://www.fao.org/economic/ess/ess-standards/comm-items/en/?chapter=19"
19,"hides and skins",927,"skins, fresh (calves)","http://www.fao.org/economic/ess/ess-standards/comm-items/en/?chapter=19"
19,"hides and skins",928,"skins, wet-salted (calves)","http://www.fao.org/economic/ess/ess-standards/comm-items/en/?chapter=19"
19,"hides and skins",929,"skins, dry-salted (calves)","http://www.fao.org/economic/ess/ess-standards/comm-items/en/?chapter=19"
19,"hides and skins",930,"skins nes, calves","http://www.fao.org/economic/ess/ess-standards/comm-items/en/?chapter=19"
19,"hides and skins",957,"buffalo hides, fresh","http://www.fao.org/economic/ess/ess-standards/comm-items/en/?chapter=19"
19,"hides and skins",958,"hides, wet-salted (buffalo)","http://www.fao.org/economic/ess/ess-standards/comm-items/en/?chapter=19"
19,"hides and skins",959,"hides, dry-salted (buffalo)","http://www.fao.org/economic/ess/ess-standards/comm-items/en/?chapter=19"
19,"hides and skins",995,"sheepskins, fresh","http://www.fao.org/economic/ess/ess-standards/comm-items/en/?chapter=19"
19,"hides and skins",996,"skins, wet-salted (sheep)","http://www.fao.org/economic/ess/ess-standards/comm-items/en/?chapter=19"
19,"hides and skins",997,"skins, dry-salted (sheep)","http://www.fao.org/economic/ess/ess-standards/comm-items/en/?chapter=19"
19,"hides and skins",998,"skins nes, sheep","http://www.fao.org/economic/ess/ess-standards/comm-items/en/?chapter=19"
19,"hides and skins",999,"skins with wool, sheep","http://www.fao.org/economic/ess/ess-standards/comm-items/en/?chapter=19"
19,"hides and skins",1002,"karakul skins","http://www.fao.org/economic/ess/ess-standards/comm-items/en/?chapter=19"
19,"hides and skins",1025,"goatskins, fresh","http://www.fao.org/economic/ess/ess-standards/comm-items/en/?chapter=19"
19,"hides and skins",1026,"skins, wet-salted (goats)","http://www.fao.org/economic/ess/ess-standards/comm-items/en/?chapter=19"
19,"hides and skins",1027,"skins, dry-salted (goats)","http://www.fao.org/economic/ess/ess-standards/comm-items/en/?chapter=19"
19,"hides and skins",1028,"skins nes, goats","http://www.fao.org/economic/ess/ess-standards/comm-items/en/?chapter=19"
19,"hides and skins",1044,"pigskins, fresh","http://www.fao.org/economic/ess/ess-standards/comm-items/en/?chapter=19"
19,"hides and skins",1045,"skins, wet-salted (pigs)","http://www.fao.org/economic/ess/ess-standards/comm-items/en/?chapter=19"
19,"hides and skins",1046,"skins, dry-salted (pigs)","http://www.fao.org/economic/ess/ess-standards/comm-items/en/?chapter=19"
19,"hides and skins",1047,"skins nes, pigs","http://www.fao.org/economic/ess/ess-standards/comm-items/en/?chapter=19"
19,"hides and skins",1102,"horse hides, fresh","http://www.fao.org/economic/ess/ess-standards/comm-items/en/?chapter=19"
19,"hides and skins",1103,"hides, wet-salted (horses)","http://www.fao.org/economic/ess/ess-standards/comm-items/en/?chapter=19"
19,"hides and skins",1104,"hides, dry-salted (horses)","http://www.fao.org/economic/ess/ess-standards/comm-items/en/?chapter=19"
19,"hides and skins",1105,"hides nes, horses","http://www.fao.org/economic/ess/ess-standards/comm-items/en/?chapter=19"
19,"hides and skins",1109,"hides of asses, fresh","http://www.fao.org/economic/ess/ess-standards/comm-items/en/?chapter=19"
20,"other livestock products",1277,"residues of fatty substances","http://www.fao.org/economic/ess/ess-standards/comm-items/en/?chapter=20"
21,"pesticides",1309,"insecticides, total (consumption)","http://www.fao.org/economic/ess/ess-standards/comm-items/en/?chapter=21"
21,"pesticides",1310,"chlorinated hydrocarbons (consumption)","http://www.fao.org/economic/ess/ess-standards/comm-items/en/?chapter=21"
21,"pesticides",1311,"organo-phosphates (consumption)","http://www.fao.org/economic/ess/ess-standards/comm-items/en/?chapter=21"
21,"pesticides",1312,"carbamates insecticides (consumption)","http://www.fao.org/economic/ess/ess-standards/comm-items/en/?chapter=21"
21,"pesticides",1313,"pyrethroids (consumption)","http://www.fao.org/economic/ess/ess-standards/comm-items/en/?chapter=21"
21,"pesticides",1314,"botanical products and biologicals (consumption)","http://www.fao.org/economic/ess/ess-standards/comm-items/en/?chapter=21"
21,"pesticides",1315,"other insecticides (consumption)","http://www.fao.org/economic/ess/ess-standards/comm-items/en/?chapter=21"
21,"pesticides",1316,"mineral oils (consumption)","http://www.fao.org/economic/ess/ess-standards/comm-items/en/?chapter=21"
21,"pesticides",1317,"dithiocarbamates fungicides seed treatments (consumption)","http://www.fao.org/economic/ess/ess-standards/comm-items/en/?chapter=21"
21,"pesticides",1318,"benzimidazoles fungicides seed treatments (consumption)","http://www.fao.org/economic/ess/ess-standards/comm-items/en/?chapter=21"
21,"pesticides",1319,"triazoles, diazoles fungicides seed treatments (consumption)","http://www.fao.org/economic/ess/ess-standards/comm-items/en/?chapter=21"
21,"pesticides",1320,"herbicides, total","http://www.fao.org/economic/ess/ess-standards/comm-items/en/?chapter=21"
21,"pesticides",1321,"phenoxy hormone products (consumption)","http://www.fao.org/economic/ess/ess-standards/comm-items/en/?chapter=21"
21,"pesticides",1322,"triazines (consumption)","http://www.fao.org/economic/ess/ess-standards/comm-items/en/?chapter=21"
21,"pesticides",1323,"amides (consumption)","http://www.fao.org/economic/ess/ess-standards/comm-items/en/?chapter=21"
21,"pesticides",1324,"carbamates herbicides (consumption)","http://www.fao.org/economic/ess/ess-standards/comm-items/en/?chapter=21"
21,"pesticides",1325,"dinitroanilines (consumption)","http://www.fao.org/economic/ess/ess-standards/comm-items/en/?chapter=21"
21,"pesticides",1326,"urea derivates (consumption)","http://www.fao.org/economic/ess/ess-standards/comm-items/en/?chapter=21"
21,"pesticides",1327,"other herbicides (consumption)","http://www.fao.org/economic/ess/ess-standards/comm-items/en/?chapter=21"
21,"pesticides",1328,"sulfonyl ureas (consumption)","http://www.fao.org/economic/ess/ess-standards/comm-items/en/?chapter=21"
21,"pesticides",1329,"bipiridils (consumption)","http://www.fao.org/economic/ess/ess-standards/comm-items/en/?chapter=21"
21,"pesticides",1330,"uracil (consumption)","http://www.fao.org/economic/ess/ess-standards/comm-items/en/?chapter=21"
21,"pesticides",1331,"fungicides and bactericides, total","http://www.fao.org/economic/ess/ess-standards/comm-items/en/?chapter=21"
21,"pesticides",1332,"inorganics (consumption)","http://www.fao.org/economic/ess/ess-standards/comm-items/en/?chapter=21"
21,"pesticides",1333,"dithiocarbamates (consumption)","http://www.fao.org/economic/ess/ess-standards/comm-items/en/?chapter=21"
21,"pesticides",1334,"benzimidazoles (consumption)","http://www.fao.org/economic/ess/ess-standards/comm-items/en/?chapter=21"
21,"pesticides",1335,"triazoles, diazoles (consumption)","http://www.fao.org/economic/ess/ess-standards/comm-items/en/?chapter=21"
21,"pesticides",1336,"diazines, morpholines (consumption)","http://www.fao.org/economic/ess/ess-standards/comm-items/en/?chapter=21"
21,"pesticides",1337,"other fungicides (consumption)","http://www.fao.org/economic/ess/ess-standards/comm-items/en/?chapter=21"
21,"pesticides",1338,"botanical products and biologicals, fungicides seed treatments (consumption)","http://www.fao.org/economic/ess/ess-standards/comm-items/en/?chapter=21"
22,"fertilizers",1360,"nitrogenous fertilizers","http://www.fao.org/economic/ess/ess-standards/comm-items/en/?chapter=22"
22,"fertilizers",1375,"phosphate fertilizers","http://www.fao.org/economic/ess/ess-standards/comm-items/en/?chapter=22"
22,"fertilizers",1386,"potash fertilizers","http://www.fao.org/economic/ess/ess-standards/comm-items/en/?chapter=22"
22,"fertilizers",1397,"fertilizers manufactured, nes","http://www.fao.org/economic/ess/ess-standards/comm-items/en/?chapter=22"
22,"fertilizers",1398,"natural sodium nitrate","http://www.fao.org/economic/ess/ess-standards/comm-items/en/?chapter=22"
22,"fertilizers",1399,"natural phosphates","http://www.fao.org/economic/ess/ess-standards/comm-items/en/?chapter=22"
22,"fertilizers",1400,"natural potassic salts","http://www.fao.org/economic/ess/ess-standards/comm-items/en/?chapter=22"
22,"fertilizers",1401,"fertilizers, organic","http://www.fao.org/economic/ess/ess-standards/comm-items/en/?chapter=22"
22,"fertilizers",2510,"phosphate rock","http://www.fao.org/economic/ess/ess-standards/comm-items/en/?chapter=22"
22,"fertilizers",2814,"ammonia, anhydrous","http://www.fao.org/economic/ess/ess-standards/comm-items/en/?chapter=22"
22,"fertilizers",3102,"nitrogen fertilizers (n total nutrients)","http://www.fao.org/economic/ess/ess-standards/comm-items/en/?chapter=22"
22,"fertilizers",3103,"phosphate fertilizers (p205 total nutrients)","http://www.fao.org/economic/ess/ess-standards/comm-items/en/?chapter=22"
22,"fertilizers",3104,"potash fertilizers (k20 total nutrients)","http://www.fao.org/economic/ess/ess-standards/comm-items/en/?chapter=22"
22,"fertilizers",283421,"potassium nitrate","http://www.fao.org/economic/ess/ess-standards/comm-items/en/?chapter=22"
22,"fertilizers",310210,"urea","http://www.fao.org/economic/ess/ess-standards/comm-items/en/?chapter=22"
22,"fertilizers",310221,"ammonium sulphate","http://www.fao.org/economic/ess/ess-standards/comm-items/en/?chapter=22"
22,"fertilizers",310230,"ammonium nitrate","http://www.fao.org/economic/ess/ess-standards/comm-items/en/?chapter=22"
22,"fertilizers",310240,"calcium ammonium nitrate","http://www.fao.org/economic/ess/ess-standards/comm-items/en/?chapter=22"
22,"fertilizers",310280,"urea and ammonium nitrate solutions","http://www.fao.org/economic/ess/ess-standards/comm-items/en/?chapter=22"
22,"fertilizers",310310,"superphosphate","http://www.fao.org/economic/ess/ess-standards/comm-items/en/?chapter=22"
22,"fertilizers",310420,"potassium chloride (muriate of potash)","http://www.fao.org/economic/ess/ess-standards/comm-items/en/?chapter=22"
22,"fertilizers",310430,"potassium sulphate","http://www.fao.org/economic/ess/ess-standards/comm-items/en/?chapter=22"
22,"fertilizers",310500,"other np compounds","http://www.fao.org/economic/ess/ess-standards/comm-items/en/?chapter=22"
22,"fertilizers",310510,"npk complex <= 10kg","http://www.fao.org/economic/ess/ess-standards/comm-items/en/?chapter=22"
22,"fertilizers",310520,"npk complex >10kg","http://www.fao.org/economic/ess/ess-standards/comm-items/en/?chapter=22"
22,"fertilizers",310530,"diammonium phosphate (dap)","http://www.fao.org/economic/ess/ess-standards/comm-items/en/?chapter=22"
22,"fertilizers",310540,"monoammonium phosphate (map)","http://www.fao.org/economic/ess/ess-standards/comm-items/en/?chapter=22"
22,"fertilizers",310551,"other nitrogen & phosphates compounds","http://www.fao.org/economic/ess/ess-standards/comm-items/en/?chapter=22"
22,"fertilizers",31031010,"superphosphate above 35%","http://www.fao.org/economic/ess/ess-standards/comm-items/en/?chapter=22"
22,"fertilizers",31031090,"superphosphate other","http://www.fao.org/economic/ess/ess-standards/comm-items/en/?chapter=22"
23,"machinery",2455001,"ploughs","http://www.fao.org/economic/ess/ess-standards/comm-items/en/?chapter=23"
23,"machinery",2455002,"seeders","http://www.fao.org/economic/ess/ess-standards/comm-items/en/?chapter=23"
23,"machinery",2455003,"manure spreaders and fert. distributors","http://www.fao.org/economic/ess/ess-standards/comm-items/en/?chapter=23"
23,"machinery",2455004,"combine harvesters - threshers","http://www.fao.org/economic/ess/ess-standards/comm-items/en/?chapter=23"
23,"machinery",2455005,"balers","http://www.fao.org/economic/ess/ess-standards/comm-items/en/?chapter=23"
23,"machinery",2455006,"root or tuber harvesting machines","http://www.fao.org/economic/ess/ess-standards/comm-items/en/?chapter=23"
23,"machinery",2455007,"threshing machines(staking,forage harv.)","http://www.fao.org/economic/ess/ess-standards/comm-items/en/?chapter=23"
23,"machinery",2455008,"milking machines","http://www.fao.org/economic/ess/ess-standards/comm-items/en/?chapter=23"
23,"machinery",2455009,"agricultural tractors, total","http://www.fao.org/economic/ess/ess-standards/comm-items/en/?chapter=23"
23,"machinery",2455010,"pedestrian controlled tractors","http://www.fao.org/economic/ess/ess-standards/comm-items/en/?chapter=23"
23,"machinery",2455011,"agricultural tractors","http://www.fao.org/economic/ess/ess-standards/comm-items/en/?chapter=23"
23,"machinery",2455012,"track-laying tractors","http://www.fao.org/economic/ess/ess-standards/comm-items/en/?chapter=23"
23,"machinery",2455013,"other agricultural tractors","http://www.fao.org/economic/ess/ess-standards/comm-items/en/?chapter=23"
23,"machinery",2455014,"harvester and threshers (trade)","http://www.fao.org/economic/ess/ess-standards/comm-items/en/?chapter=23"
23,"machinery",2455015,"milking, dairy machinery (trade)","http://www.fao.org/economic/ess/ess-standards/comm-items/en/?chapter=23"
23,"machinery",2455016,"soil machinery (trade)","http://www.fao.org/economic/ess/ess-standards/comm-items/en/?chapter=23"
23,"machinery",2455017,"agricultural machinery nes (trade)","http://www.fao.org/economic/ess/ess-standards/comm-items/en/?chapter=23"
